kernel,registers,limiter,limiter_tied,register_limited,max_warps_pct,block_size,thread_count,limit_registers,limit_warps,limit_shared_mem,limit_blocks,launches
non_orographic_gravity_wave_forcing_FILE_ClimaAtmos_jl_mod_src_parameterized_tendencies_gravity_wave_drag_non_orographic_gravity_wave_jl_L1178,255.0,registers,False,True,12.5,256.0,24576.0,1.0,8.0,8.0,32.0,2
"rte_lw_2stream_solve_both_skies_CUDA_(FluxLW<Float32, CuDeviceArray<Float32, 2, 1>>, FluxLW<Float32, CuDeviceArray<Float32, 2, 1>>, FluxLW<Float32, CuDeviceArray<Float32, 2, 1>>, void, SourceLW2Str<CuDeviceArray<Float32, 1, 1>, CuDeviceArray<Float32, 3, 1>, SubArray<Float32, 2, CuDeviceArray<Float32, 3, 1>, Tuple<Slice<OneTo<Int64>>, Slice<OneTo<Int64>>, Int64>, 1>, RRTMGPParameters<Float32>>, LwBCs<Float32, CuDeviceArray<Float32, 2, 1>, void>, TwoStream<CuDeviceArray<Float32, 3, 1>, SubArray<Float32, 2, CuDeviceArray<Float32, 3, 1>, Tuple<Slice<OneTo<Int64>>, Slice<OneTo<Int64>>, Int64>, 1>>, Int64, Int64, AtmosphericState<CuDeviceArray<Float32, 1, 1>, CuDeviceArray<Float32, 1, 1>, CuDeviceArray<Float32, 2, 1>, CuDeviceArray<Float32, 3, 1>, VmrGM<Float32, CuDeviceArray<Float32, 1, 1>, CuDeviceArray<Float32, 2, 1>>, CloudState<CuDeviceArray<Float32, 2, 1>, CuDeviceArray<Float32, 2, 1>, CuDeviceArray<Float32, 1, 1>, CuDeviceArray<Bool, 2, 1>, MaxRandomOverlap, CuDeviceArray<UInt32, 1, 1>>, AerosolState<CuDeviceArray<Float32, 1, 1>, CuDeviceArray<Bool, 2, 1>, CuDeviceArray<Float32, 3, 1>>>, TransposedStateCache<CuDeviceArray<Float32, 2, 1>, CuDeviceArray<Float32, 3, 1>>, LookUpLW<Float32, CuDeviceArray<Int64, 3, 1>, CuDeviceArray<Float32, 4, 1>, BandData<CuDeviceArray<Int64, 1, 1>, CuDeviceArray<Int64, 2, 1>, CuDeviceArray<Float32, 2, 1>>, LookUpPlanck<CuDeviceArray<Float32, 1, 1>, CuDeviceArray<Float32, 2, 1>, CuDeviceArray<Float32, 4, 1>>, ReferencePoints<CuDeviceArray<Float32, 1, 1>, CuDeviceArray<Float32, 3, 1>>, LookUpMinor<CuDeviceArray<Int64, 1, 1>, CuDeviceArray<Int64, 2, 1>, CuDeviceArray<Float32, 3, 1>>>, LookUpCld<CuDeviceArray<Int64, 1, 1>, CuDeviceArray<Float32, 1, 1>, CuDeviceArray<Float32, 2, 1>, CuDeviceArray<Float32, 3, 1>, CuDeviceArray<Float32, 2, 1>>, LookUpAerosolMerra<CuDeviceArray<Int64, 1, 1>, CuDeviceArray<Float32, 1, 1>, CuDeviceArray<Float32, 2, 1>, CuDeviceArray<Float32, 3, 1>, CuDeviceArray<Float32, 4, 1>, CuDeviceArray<Float32, 2, 1>>)",255.0,registers,False,True,12.5,256.0,24576.0,1.0,8.0,8.0,32.0,1
"rte_sw_2stream_solve_both_skies_CUDA_(FluxSW<Float32, CuDeviceArray<Float32, 2, 1>>, FluxSW<Float32, CuDeviceArray<Float32, 2, 1>>, FluxSW<Float32, CuDeviceArray<Float32, 2, 1>>, void, TwoStream<CuDeviceArray<Float32, 3, 1>, SubArray<Float32, 2, CuDeviceArray<Float32, 3, 1>, Tuple<Slice<OneTo<Int64>>, Slice<OneTo<Int64>>, Int64>, 1>>, SwBCs<Float32, CuDeviceArray<Float32, 1, 1>, void, CuDeviceArray<Float32, 2, 1>>, SourceSW2Str<CuDeviceArray<Float32, 1, 1>, CuDeviceArray<Float32, 3, 1>, SubArray<Float32, 2, CuDeviceArray<Float32, 3, 1>, Tuple<Slice<OneTo<Int64>>, Slice<OneTo<Int64>>, Int64>, 1>>, Int64, Int64, AtmosphericState<CuDeviceArray<Float32, 1, 1>, CuDeviceArray<Float32, 1, 1>, CuDeviceArray<Float32, 2, 1>, CuDeviceArray<Float32, 3, 1>, VmrGM<Float32, CuDeviceArray<Float32, 1, 1>, CuDeviceArray<Float32, 2, 1>>, CloudState<CuDeviceArray<Float32, 2, 1>, CuDeviceArray<Float32, 2, 1>, CuDeviceArray<Float32, 1, 1>, CuDeviceArray<Bool, 2, 1>, MaxRandomOverlap, CuDeviceArray<UInt32, 1, 1>>, AerosolState<CuDeviceArray<Float32, 1, 1>, CuDeviceArray<Bool, 2, 1>, CuDeviceArray<Float32, 3, 1>>>, TransposedStateCache<CuDeviceArray<Float32, 2, 1>, CuDeviceArray<Float32, 3, 1>>, LookUpSW<Float32, CuDeviceArray<Int64, 3, 1>, CuDeviceArray<Float32, 1, 1>, CuDeviceArray<Float32, 3, 1>, CuDeviceArray<Float32, 4, 1>, BandData<CuDeviceArray<Int64, 1, 1>, CuDeviceArray<Int64, 2, 1>, CuDeviceArray<Float32, 2, 1>>, ReferencePoints<CuDeviceArray<Float32, 1, 1>, CuDeviceArray<Float32, 3, 1>>, LookUpMinor<CuDeviceArray<Int64, 1, 1>, CuDeviceArray<Int64, 2, 1>, CuDeviceArray<Float32, 3, 1>>>, LookUpCld<CuDeviceArray<Int64, 1, 1>, CuDeviceArray<Float32, 1, 1>, CuDeviceArray<Float32, 2, 1>, CuDeviceArray<Float32, 3, 1>, CuDeviceArray<Float32, 2, 1>>, LookUpAerosolMerra<CuDeviceArray<Int64, 1, 1>, CuDeviceArray<Float32, 1, 1>, CuDeviceArray<Float32, 2, 1>, CuDeviceArray<Float32, 3, 1>, CuDeviceArray<Float32, 4, 1>, CuDeviceArray<Float32, 2, 1>>)",255.0,registers,False,True,12.5,256.0,24576.0,1.0,8.0,8.0,32.0,1
set_microphysics_tendency_cache__FILE_ClimaAtmos_jl_mod_src_cache_microphysics_cache_jl_L1013,255.0,registers,False,True,12.5,256.0,27648.0,1.0,8.0,8.0,32.0,2
set_microphysics_tendency_cache__FILE_ClimaAtmos_jl_mod_src_cache_microphysics_cache_jl_L970,255.0,registers,False,True,12.5,256.0,27648.0,1.0,8.0,8.0,32.0,2
set_sgs_moments_and_cloud_fraction__NVTX,214.0,registers,False,True,12.5,256.0,27648.0,1.0,8.0,8.0,32.0,4
weighted_dss_internal__FILE_ClimaCore_jl_mod_src_Spaces_dss_jl_L149,214.0,registers,False,True,12.5,256.0,290560.0,1.0,8.0,8.0,32.0,2
set_edmfx_surface_conditions__FILE_ClimaAtmos_jl_mod_src_prognostic_equations_edmfx_boundary_condition_jl_L123,196.0,registers,False,True,12.5,128.0,24576.0,2.0,16.0,8.0,32.0,2
calc_saturation_profile__FILE_ClimaAtmos_jl_mod_src_parameterized_tendencies_gravity_wave_drag_orographic_gravity_wave_jl_L1111,128.0,registers,False,True,25.0,512.0,24576.0,1.0,4.0,8.0,32.0,1
_ExtrudedFiniteDifferenceGrid_FILE_ClimaCore_jl_mod_src_Hypsography_Hypsography_jl_L251,116.0,registers,False,True,25.0,512.0,55296.0,1.0,4.0,8.0,32.0,2
_ExtrudedFiniteDifferenceGrid_FILE_ClimaCore_jl_mod_src_Hypsography_Hypsography_jl_L259,108.0,registers,False,True,25.0,512.0,55296.0,1.0,4.0,8.0,32.0,2
_ExtrudedFiniteDifferenceGrid_FILE_ClimaCore_jl_mod_src_Grids_extruded_jl_L116,105.0,registers,False,True,25.0,512.0,55296.0,1.0,4.0,8.0,32.0,3
_ExtrudedFiniteDifferenceGrid_FILE_ClimaCore_jl_mod_src_Grids_extruded_jl_L110,104.0,registers,False,True,25.0,512.0,55296.0,1.0,4.0,8.0,32.0,3
set_insolation_variables__FILE_ClimaAtmos_jl_mod_src_callbacks_callbacks_jl_L258,103.0,registers,False,True,21.88,224.0,24640.0,2.0,9.0,16.0,32.0,2
set_canopy_component_initial_conditions__FILE_ClimaLand_SbcNB_src_simulations_initial_conditions_jl_L446,97.0,registers,False,True,21.88,224.0,24640.0,2.0,9.0,16.0,32.0,1
materialized_mixing_length__FILE_ClimaAtmos_jl_mod_src_parameterized_tendencies_microphysics_cloud_fraction_jl_L213,92.0,registers,False,True,31.25,640.0,69120.0,1.0,3.0,8.0,32.0,6
set_prognostic_edmf_precomputed_quantities_environment__NVTX,92.0,registers,False,True,31.25,640.0,69120.0,1.0,3.0,8.0,32.0,8
update_cloud_properties__FILE_ClimaAtmos_jl_mod_src_parameterized_tendencies_radiation_update_inputs_jl_L412,92.0,registers,False,True,31.25,640.0,69120.0,1.0,3.0,8.0,32.0,1
non_orographic_gravity_wave_compute_tendency__FILE_ClimaAtmos_jl_mod_src_parameterized_tendencies_gravity_wave_drag_non_orographic_gravity_wave_jl_L385,86.0,registers,False,True,31.25,640.0,24960.0,1.0,3.0,8.0,32.0,1
"partial_mapreduce_grid(identity, _, Bool, CartesianIndices<6, Tuple<OneTo<Int64>, OneTo<Int64>, OneTo<Int64>, OneTo<Int64>, OneTo<Int64>, OneTo<Int64>>>, CartesianIndices<6, Tuple<OneTo<Int64>, OneTo<Int64>, OneTo<Int64>, OneTo<Int64>, OneTo<Int64>, OneTo<Int64>>>, Val<1>, CuDeviceArray<Bool, 6, 1>, CuDeviceArray<Bool, 6, 1>)",84.0,registers,False,True,31.25,32.0,32.0,20.0,64.0,28.0,32.0,3
set_cloud_fraction__NVTX,84.0,registers,False,True,31.25,640.0,69120.0,1.0,3.0,8.0,32.0,4
"partial_mapreduce_grid(identity, reducer, NamedTuple<__is_missing___is_equal_, Tuple<Bool, Tuple>>, CartesianIndices<6, __is_missing___is_equal_<OneTo<Int64>, Int64, Int64, Int64, Int64, Int64>>, __is_missing___is_equal_<OneTo<Int64>, Int64, Int64, Int64, Int64, Int64>, Val<0>, CuDeviceArray<Tuple<Bool, Tuple>, 6, 1>, CuDeviceArray)",80.0,registers,False,True,37.5,108.0,108.0,6.0,16.0,12.0,32.0,5
_FILE_ClimaAtmos_jl_mod_src_cache_microphysics_cache_jl_L226,78.0,registers,False,True,37.5,768.0,82944.0,1.0,2.0,8.0,32.0,16
"partial_mapreduce_grid(identity, reducer, NamedTuple<__is_missing___is_equal_, Tuple<Bool, Tuple>>, CartesianIndices<5, __is_missing___is_equal_<OneTo<Int64>, Int64, Int64, Int64, Int64>>, __is_missing___is_equal_<OneTo<Int64>, Int64, Int64, Int64, Int64>, Val<0>, CuDeviceArray<Tuple<Bool, Tuple>, 6, 1>, Broadcasted<CuArrayStyle<5, DeviceMemory>, OneTo<Int64>, mapper, __is_missing___is_equal_<Val<0><Float32, 5, 1>, Float32>>)",78.0,registers,False,True,37.5,768.0,82944.0,1.0,2.0,3.0,32.0,5
update_drivers__FILE_ClimaLand_SbcNB_src_shared_utilities_drivers_jl_L1253,76.0,registers,False,True,32.81,224.0,24640.0,3.0,9.0,32.0,32.0,1
"partial_mapreduce_grid(identity, _, Bool, CartesianIndices<5, Tuple<OneTo<Int64>, OneTo<Int64>, OneTo<Int64>, OneTo<Int64>, OneTo<Int64>>>, CartesianIndices<5, Tuple<OneTo<Int64>, OneTo<Int64>, OneTo<Int64>, OneTo<Int64>, OneTo<Int64>>>, Val<1>, CuDeviceArray<Bool, 6, 1>, CuDeviceArray<Bool, 5, 1>)",72.0,registers,False,True,43.75,896.0,25088.0,1.0,2.0,7.0,32.0,1
"partial_mapreduce_grid(isnan, _, Bool, CartesianIndices<5, Tuple<OneTo<Int64>, OneTo<Int64>, OneTo<Int64>, OneTo<Int64>, OneTo<Int64>>>, CartesianIndices<5, Tuple<OneTo<Int64>, OneTo<Int64>, OneTo<Int64>, OneTo<Int64>, OneTo<Int64>>>, Val<1>, CuDeviceArray<Bool, 6, 1>, CuDeviceArray<Float32, 5, 1>)",72.0,registers,False,True,43.75,896.0,96768.0,1.0,2.0,7.0,32.0,2
set_edmfx_surface_conditions__FILE_ClimaAtmos_jl_mod_src_prognostic_equations_edmfx_boundary_condition_jl_L112,72.0,registers,False,True,43.75,224.0,24640.0,4.0,9.0,32.0,32.0,2
set_buoyancy_gradient_inputs__NVTX,70.0,registers,False,True,43.75,896.0,96768.0,1.0,2.0,8.0,32.0,12
update_relative_humidity__FILE_ClimaAtmos_jl_mod_src_parameterized_tendencies_radiation_update_inputs_jl_L146,70.0,registers,False,True,43.75,896.0,96768.0,1.0,2.0,8.0,32.0,1
calc_nonpropagating_forcing__FILE_ClimaAtmos_jl_mod_src_parameterized_tendencies_gravity_wave_drag_orographic_gravity_wave_jl_L666,68.0,registers,False,True,43.75,896.0,96768.0,1.0,2.0,8.0,32.0,2
_FILE_ClimaAtmos_jl_mod_src_cache_microphysics_cache_jl_L225,65.0,registers,False,True,43.75,896.0,96768.0,1.0,2.0,8.0,32.0,16
"gpu_getindex_kernel(CompilerMetadata<DynamicSize, DynamicCheck, void, CartesianIndices<5, Tuple<OneTo<Int64>, OneTo<Int64>, OneTo<Int64>, OneTo<Int64>, OneTo<Int64>>>, NDRange<5, DynamicSize, DynamicSize, CartesianIndices<5, Tuple<OneTo<Int64>, OneTo<Int64>, OneTo<Int64>, OneTo<Int64>, OneTo<Int64>>>, CartesianIndices<5, Tuple<OneTo<Int64>, OneTo<Int64>, OneTo<Int64>, OneTo<Int64>, OneTo<Int64>>>>>, CuDeviceArray<Float32, 5, 1>, ReshapedArray<Float32, 5, SubArray<Float32, 2, CuDeviceArray<Float32, 2, 1>, Tuple<UnitRange<Int64>, Slice<OneTo<Int64>>>, 0>, Tuple<SignedMultiplicativeInverse<Int64>>>, Tuple<Int64, Int64, Int64, Int64, Int64>, UnitRange<Int64>, Slice<OneTo<Int64>>, Slice<OneTo<Int64>>, Slice<OneTo<Int64>>, Slice<OneTo<Int64>>)",64.0,registers,False,True,50.0,1024.0,24576.0,1.0,2.0,8.0,32.0,7
picard_step__FILE_ClimaAtmos_jl_mod_src_parameterized_tendencies_microphysics_cloud_fraction_jl_L63,64.0,registers,False,True,50.0,1024.0,110592.0,1.0,2.0,8.0,32.0,6
set_edmfx_surface_conditions__FILE_ClimaAtmos_jl_mod_src_prognostic_equations_edmfx_boundary_condition_jl_L101,64.0,registers,False,True,43.75,224.0,24640.0,4.0,9.0,32.0,32.0,2
set_precipitation_surface_fluxes__FILE_ClimaAtmos_jl_mod_src_cache_microphysics_cache_jl_L1342,64.0,registers,False,True,43.75,224.0,24640.0,4.0,9.0,32.0,32.0,8
calc_base_flux__FILE_ClimaAtmos_jl_mod_src_parameterized_tendencies_gravity_wave_drag_orographic_gravity_wave_jl_L981,62.0,registers,False,True,43.75,224.0,24640.0,4.0,9.0,32.0,32.0,1
init_sfc_conditions_zero__FILE_ClimaAtmos_jl_mod_src_surface_conditions_surface_conditions_jl_L151,62.0,registers,False,True,43.75,224.0,24640.0,4.0,9.0,32.0,32.0,1
set_covariance_cache__FILE_ClimaAtmos_jl_mod_src_parameterized_tendencies_microphysics_cloud_fraction_jl_L349,62.0,registers,False,True,50.0,1024.0,110592.0,1.0,2.0,8.0,32.0,12
compute_soilo2__FILE_ClimaLand_SbcNB_src_diagnostics_land_compute_methods_jl_L585,60.0,registers,False,True,50.0,1024.0,110592.0,1.0,2.0,8.0,32.0,1
set_microphysics_tendency_cache__FILE_ClimaAtmos_jl_mod_src_cache_microphysics_cache_jl_L991,60.0,registers,False,True,50.0,1024.0,110592.0,1.0,2.0,8.0,32.0,2
set_microphysics_tendency_cache__FILE_ClimaAtmos_jl_mod_src_cache_microphysics_cache_jl_L993,60.0,registers,False,True,50.0,1024.0,110592.0,1.0,2.0,8.0,32.0,2
set_microphysics_tendency_cache__FILE_ClimaAtmos_jl_mod_src_cache_microphysics_cache_jl_L994,60.0,registers,False,True,50.0,1024.0,110592.0,1.0,2.0,8.0,32.0,2
set_microphysics_tendency_cache__FILE_ClimaAtmos_jl_mod_src_cache_microphysics_cache_jl_L992,58.0,registers,False,True,50.0,1024.0,110592.0,1.0,2.0,8.0,32.0,2
update_cloud_properties__FILE_ClimaAtmos_jl_mod_src_parameterized_tendencies_radiation_update_inputs_jl_L371,58.0,registers,False,True,50.0,1024.0,110592.0,1.0,2.0,8.0,32.0,2
compute__T_____FILE_ClimaAtmos_jl_mod_src_parameterized_tendencies_microphysics_cloud_fraction_jl_L167,56.0,registers,False,True,56.25,576.0,124416.0,2.0,3.0,16.0,32.0,6
maximum_FILE_ClimaCore_jl_mod_src_Fields_mapreduce_jl_L83,56.0,registers,False,True,56.25,576.0,124416.0,2.0,3.0,6.0,32.0,1
minimum_FILE_ClimaCore_jl_mod_src_Fields_mapreduce_jl_L95,56.0,registers,False,True,56.25,576.0,124416.0,2.0,3.0,6.0,32.0,2
copy_FILE_ClimaCore_jl_mod_src_Fields_broadcast_jl_L92,55.0,registers,False,True,54.69,224.0,24640.0,5.0,9.0,32.0,32.0,207
calc_propagate_forcing__FILE_ClimaAtmos_jl_mod_src_parameterized_tendencies_gravity_wave_drag_orographic_gravity_wave_jl_L706,54.0,registers,False,True,56.25,576.0,124416.0,2.0,3.0,16.0,32.0,2
non_orographic_gravity_wave_compute_tendency__FILE_ClimaAtmos_jl_mod_src_parameterized_tendencies_gravity_wave_drag_non_orographic_gravity_wave_jl_L349,52.0,registers,False,True,56.25,576.0,124416.0,2.0,3.0,16.0,32.0,3
assign_velocity_energy__FILE_ClimaAtmos_jl_mod_src_setups_common_overwrite_from_file_jl_L127,48.0,registers,False,True,62.5,640.0,138240.0,2.0,3.0,16.0,32.0,1
assign_velocity_energy__FILE_ClimaAtmos_jl_mod_src_setups_common_overwrite_from_file_jl_L131,48.0,registers,False,True,62.5,128.0,1572864.0,10.0,16.0,25.0,32.0,1
calc_base_flux__FILE_ClimaAtmos_jl_mod_src_parameterized_tendencies_gravity_wave_drag_orographic_gravity_wave_jl_L923,48.0,registers,False,True,62.5,640.0,24960.0,2.0,3.0,16.0,32.0,1
column_integral_definite__FILE_ClimaCore_jl_mod_src_Operators_integrals_jl_L22,48.0,registers,False,True,62.5,640.0,24960.0,2.0,3.0,16.0,32.0,10
non_orographic_gravity_wave_forcing_FILE_ClimaAtmos_jl_mod_src_parameterized_tendencies_gravity_wave_drag_non_orographic_gravity_wave_jl_L1020,48.0,registers,False,True,54.69,224.0,24640.0,5.0,9.0,32.0,32.0,1
orographic_gravity_wave_compute_tendency__FILE_ClimaAtmos_jl_mod_src_parameterized_tendencies_gravity_wave_drag_orographic_gravity_wave_jl_L231,48.0,registers,False,True,54.69,224.0,24640.0,5.0,9.0,32.0,32.0,1
orographic_gravity_wave_compute_tendency__FILE_ClimaAtmos_jl_mod_src_parameterized_tendencies_gravity_wave_drag_orographic_gravity_wave_jl_L236,48.0,registers,False,True,54.69,224.0,24640.0,5.0,9.0,32.0,32.0,1
set_precipitation_surface_fluxes__FILE_ClimaAtmos_jl_mod_src_cache_microphysics_cache_jl_L1344,48.0,registers,False,True,54.69,224.0,24640.0,5.0,9.0,32.0,32.0,4
update_relative_humidity__FILE_ClimaAtmos_jl_mod_src_parameterized_tendencies_radiation_update_inputs_jl_L139,48.0,registers,False,True,62.5,640.0,138240.0,2.0,3.0,16.0,32.0,1
orographic_gravity_wave_compute_tendency__FILE_ClimaAtmos_jl_mod_src_parameterized_tendencies_gravity_wave_drag_orographic_gravity_wave_jl_L241,47.0,registers,False,True,54.69,224.0,24640.0,5.0,9.0,32.0,32.0,1
_ExtrudedFiniteDifferenceGrid_FILE_ClimaCore_jl_mod_src_Hypsography_Hypsography_jl_L190,46.0,registers,False,True,62.5,640.0,138240.0,2.0,3.0,16.0,32.0,2
calc_base_flux__FILE_ClimaAtmos_jl_mod_src_parameterized_tendencies_gravity_wave_drag_orographic_gravity_wave_jl_L973,46.0,registers,False,True,54.69,224.0,24640.0,5.0,9.0,32.0,32.0,1
get_pbl_z__FILE_ClimaAtmos_jl_mod_src_parameterized_tendencies_gravity_wave_drag_orographic_gravity_wave_jl_L773,46.0,registers,False,True,62.5,640.0,24960.0,2.0,3.0,16.0,32.0,1
"gpu_getindex_kernel(CompilerMetadata<DynamicSize, DynamicCheck, void, CartesianIndices<5, Tuple<OneTo<Int64>, OneTo<Int64>, OneTo<Int64>, OneTo<Int64>, OneTo<Int64>>>, NDRange<5, DynamicSize, DynamicSize, CartesianIndices<5, Tuple<OneTo<Int64>, OneTo<Int64>, OneTo<Int64>, OneTo<Int64>, OneTo<Int64>>>, CartesianIndices<5, Tuple<OneTo<Int64>, OneTo<Int64>, OneTo<Int64>, OneTo<Int64>, OneTo<Int64>>>>>, CuDeviceArray<Float32, 5, 1>, CuDeviceArray<Float32, 5, 1>, Tuple<Int64, Int64, Int64, Int64, Int64>, UnitRange<Int64>, Slice<OneTo<Int64>>, Slice<OneTo<Int64>>, Slice<OneTo<Int64>>, Slice<OneTo<Int64>>)",46.0,registers,False,True,62.5,640.0,24960.0,2.0,3.0,16.0,32.0,8
postprocess_and_accumulate__FILE_ClimaAtmos_jl_mod_src_parameterized_tendencies_gravity_wave_drag_non_orographic_gravity_wave_jl_L1268,46.0,registers,False,True,62.5,640.0,138240.0,2.0,3.0,16.0,32.0,2
"gpu_getindex_kernel(CompilerMetadata<DynamicSize, DynamicCheck, void, CartesianIndices<5, Tuple<OneTo<Int64>, OneTo<Int64>, OneTo<Int64>, OneTo<Int64>, OneTo<Int64>>>, NDRange<5, DynamicSize, DynamicSize, CartesianIndices<5, Tuple<OneTo<Int64>, OneTo<Int64>, OneTo<Int64>, OneTo<Int64>, OneTo<Int64>>>, CartesianIndices<5, Tuple<OneTo<Int64>, OneTo<Int64>, OneTo<Int64>, OneTo<Int64>, OneTo<Int64>>>>>, CuDeviceArray<Float32, 5, 1>, CuDeviceArray<Float32, 5, 1>, Tuple<Int64, Int64, Int64, Int64, Int64>, Slice<OneTo<Int64>>, Slice<OneTo<Int64>>, Slice<OneTo<Int64>>, UnitRange<Int64>, Slice<OneTo<Int64>>)",44.0,registers,False,True,62.5,640.0,24960.0,2.0,3.0,16.0,32.0,11
set_velocity_quantities__FILE_ClimaAtmos_jl_mod_src_cache_precomputed_quantities_jl_L578,44.0,registers,False,True,62.5,128.0,1572864.0,10.0,16.0,25.0,32.0,6
_ExtrudedFiniteDifferenceGrid_FILE_ClimaCore_jl_mod_src_Hypsography_Hypsography_jl_L191,43.0,registers,False,True,62.5,640.0,138240.0,2.0,3.0,16.0,32.0,2
_FILE_ClimaLand_SbcNB_src_standalone_Soil_spatially_varying_parameters_jl_L422,41.0,registers,False,True,62.5,640.0,138240.0,2.0,3.0,16.0,32.0,3
compute_10cm_water_mass__FILE_ClimaLand_SbcNB_src_diagnostics_land_compute_methods_jl_L526,41.0,registers,False,True,54.69,224.0,24640.0,5.0,9.0,32.0,32.0,1
CoupledSimulation_FILE_ClimaCoupler_jl_mod_src_SimCoordinator_jl_L285,40.0,registers,False,True,65.62,224.0,24640.0,6.0,9.0,32.0,32.0,1
_FILE_ClimaCoupler_jl_mod_src_Models_prescr_seaice_jl_L266,40.0,registers,False,True,65.62,224.0,24640.0,6.0,9.0,32.0,32.0,1
_FILE_ClimaCoupler_jl_mod_src_Models_prescr_seaice_jl_L272,40.0,registers,False,True,65.62,224.0,24640.0,6.0,9.0,32.0,32.0,1
_ddz_FILE_ClimaAtmos_jl_mod_src_parameterized_tendencies_gravity_wave_drag_orographic_gravity_wave_jl_L1363,40.0,registers,False,True,75.0,128.0,1572864.0,12.0,16.0,42.0,32.0,2
_diffuse_surface_elevation__FILE_ClimaCore_jl_mod_src_Hypsography_Hypsography_jl_L336,40.0,registers,False,True,65.62,224.0,24640.0,6.0,9.0,32.0,32.0,32
build_cache_FILE_ClimaAtmos_jl_mod_src_cache_cache_jl_L231,40.0,registers,False,True,75.0,128.0,1572864.0,12.0,16.0,42.0,32.0,2
calc_base_flux__FILE_ClimaAtmos_jl_mod_src_parameterized_tendencies_gravity_wave_drag_orographic_gravity_wave_jl_L967,40.0,registers,False,True,65.62,224.0,24640.0,6.0,9.0,32.0,32.0,1
calc_nonpropagating_forcing__FILE_ClimaAtmos_jl_mod_src_parameterized_tendencies_gravity_wave_drag_orographic_gravity_wave_jl_L581,40.0,registers,True,True,75.0,768.0,24576.0,2.0,2.0,8.0,32.0,1
calc_nonpropagating_forcing__FILE_ClimaAtmos_jl_mod_src_parameterized_tendencies_gravity_wave_drag_orographic_gravity_wave_jl_L625,40.0,registers,True,True,75.0,768.0,24576.0,2.0,2.0,8.0,32.0,1
calc_nonpropagating_forcing__FILE_ClimaAtmos_jl_mod_src_parameterized_tendencies_gravity_wave_drag_orographic_gravity_wave_jl_L655,40.0,registers,True,True,75.0,768.0,24576.0,2.0,2.0,8.0,32.0,1
calc_saturation_profile__FILE_ClimaAtmos_jl_mod_src_parameterized_tendencies_gravity_wave_drag_orographic_gravity_wave_jl_L1166,40.0,registers,True,True,75.0,768.0,24576.0,2.0,2.0,8.0,32.0,1
column_integral_indefinite__FILE_ClimaCore_jl_mod_src_Operators_integrals_jl_L50,40.0,registers,True,True,75.0,768.0,24576.0,2.0,2.0,8.0,32.0,1
"compute_col_gas_CUDA_(SubArray<Float32, 2, CuDeviceArray<Float32, 3, 1>, Tuple<Int64, Slice<OneTo<Int64>>, Slice<OneTo<Int64>>>, 1>, CuDeviceArray<Float32, 2, 1>, Float32, Float32, Float32, Float32, CuDeviceArray<Float32, 2, 1>, CuDeviceArray<Float32, 1, 1>)",40.0,registers,False,True,75.0,256.0,1572864.0,6.0,8.0,32.0,32.0,1
compute_precip__FILE_ClimaLand_SbcNB_src_diagnostics_land_compute_methods_jl_L456,40.0,registers,False,True,65.62,224.0,24640.0,6.0,9.0,32.0,32.0,1
compute_total_respiration__FILE_ClimaLand_SbcNB_src_diagnostics_land_compute_methods_jl_L918,40.0,registers,False,True,65.62,224.0,24640.0,6.0,9.0,32.0,32.0,1
"gpu_linear_copy_kernel_(CompilerMetadata<DynamicSize, DynamicCheck, void, CartesianIndices<1, Tuple<OneTo<Int64>>>, NDRange<1, DynamicSize, DynamicSize, CartesianIndices<1, Tuple<OneTo<Int64>>>, CartesianIndices<1, Tuple<OneTo<Int64>>>>>, CuDeviceArray<Float32, 1, 1>, Int64, SubArray<Float32, 5, CuDeviceArray<Float32, 5, 1>, Tuple<Slice<OneTo<Int64>>, Slice<OneTo<Int64>>, Slice<OneTo<Int64>>, UnitRange<Int64>, Slice<OneTo<Int64>>>, 0>, Int64, Int64)",40.0,registers,False,True,75.0,63.0,63.0,24.0,32.0,32.0,32.0,2
"gpu_linear_copy_kernel_(CompilerMetadata<DynamicSize, DynamicCheck, void, CartesianIndices<1, Tuple<OneTo<Int64>>>, NDRange<1, DynamicSize, DynamicSize, CartesianIndices<1, Tuple<OneTo<Int64>>>, CartesianIndices<1, Tuple<OneTo<Int64>>>>>, SubArray<Float32, 2, CuDeviceArray<Float32, 2, 1>, Tuple<UnitRange<Int64>, Slice<OneTo<Int64>>>, 0>, Int64, ReshapedArray<Float32, 2, SubArray<Float32, 5, CuDeviceArray<Float32, 5, 1>, Tuple<Slice<OneTo<Int64>>, Slice<OneTo<Int64>>, Slice<OneTo<Int64>>, UnitRange<Int64>, Slice<OneTo<Int64>>>, 0>, Tuple<SignedMultiplicativeInverse<Int64>, SignedMultiplicativeInverse<Int64>, SignedMultiplicativeInverse<Int64>, SignedMultiplicativeInverse<Int64>>>, Int64, Int64)",40.0,registers,True,True,75.0,768.0,1548288.0,2.0,2.0,8.0,32.0,2
gw_average__FILE_ClimaAtmos_jl_mod_src_parameterized_tendencies_gravity_wave_drag_non_orographic_gravity_wave_jl_L1604,40.0,registers,True,True,75.0,768.0,165888.0,2.0,2.0,8.0,32.0,2
interpolate__FILE_ClimaCore_jl_mod_src_Remapping_distributed_remapping_jl_L1272,40.0,registers,True,True,75.0,768.0,1161216.0,2.0,2.0,8.0,32.0,3
non_orographic_gravity_wave_compute_tendency__FILE_ClimaAtmos_jl_mod_src_parameterized_tendencies_gravity_wave_drag_non_orographic_gravity_wave_jl_L405,40.0,registers,True,True,75.0,768.0,24576.0,2.0,2.0,8.0,32.0,1
non_orographic_gravity_wave_forcing_FILE_ClimaAtmos_jl_mod_src_parameterized_tendencies_gravity_wave_drag_non_orographic_gravity_wave_jl_L1027,40.0,registers,False,True,65.62,224.0,24640.0,6.0,9.0,32.0,32.0,3
postprocess_and_accumulate__FILE_ClimaAtmos_jl_mod_src_parameterized_tendencies_gravity_wave_drag_non_orographic_gravity_wave_jl_L1247,40.0,registers,False,True,65.62,224.0,24640.0,6.0,9.0,32.0,32.0,2
set_ic__FILE_ClimaLand_SbcNB_src_simulations_initial_conditions_jl_L1101,40.0,registers,True,True,75.0,768.0,165888.0,2.0,2.0,8.0,32.0,1
update_aerosol_concentrations__FILE_ClimaAtmos_jl_mod_src_parameterized_tendencies_radiation_update_inputs_jl_L268,40.0,registers,True,True,75.0,768.0,165888.0,2.0,2.0,8.0,32.0,15
update_cloud_properties__FILE_ClimaAtmos_jl_mod_src_parameterized_tendencies_radiation_update_inputs_jl_L432,40.0,registers,True,True,75.0,768.0,165888.0,2.0,2.0,8.0,32.0,1
_FILE_ClimaAtmos_jl_mod_src_setups_common_overwrite_from_file_jl_L75,39.0,registers,False,True,65.62,224.0,24640.0,6.0,9.0,32.0,32.0,1
set_velocity_at_surface__FILE_ClimaAtmos_jl_mod_src_cache_precomputed_quantities_jl_L496,38.0,registers,False,True,65.62,224.0,24640.0,6.0,9.0,32.0,32.0,4
update_volume_mixing_ratios__FILE_ClimaAtmos_jl_mod_src_parameterized_tendencies_radiation_update_inputs_jl_L187,38.0,registers,True,True,75.0,768.0,165888.0,2.0,2.0,8.0,32.0,2
ClimaAtmosSimulation_FILE_ClimaCoupler_jl_mod_ext_ClimaCouplerClimaAtmosExt_jl_L102,32.0,registers,True,True,98.44,224.0,24640.0,9.0,9.0,32.0,32.0,2
ClimaAtmosSimulation_FILE_ClimaCoupler_jl_mod_ext_ClimaCouplerClimaAtmosExt_jl_L103,32.0,registers,True,True,98.44,224.0,24640.0,9.0,9.0,32.0,32.0,1
ClimaAtmosSimulation_FILE_ClimaCoupler_jl_mod_ext_ClimaCouplerClimaAtmosExt_jl_L109,32.0,registers,True,True,98.44,224.0,24640.0,9.0,9.0,32.0,32.0,36
ClimaAtmosSimulation_FILE_ClimaCoupler_jl_mod_ext_ClimaCouplerClimaAtmosExt_jl_L120,32.0,registers,True,True,100.0,1024.0,221184.0,2.0,2.0,8.0,32.0,1
CoupledSimulation_FILE_ClimaCoupler_jl_mod_src_SimCoordinator_jl_L409,32.0,registers,True,True,98.44,224.0,24640.0,9.0,9.0,32.0,32.0,3
_FILE_ClimaAtmos_jl_mod_src_cache_microphysics_cache_jl_L237,32.0,registers,True,True,100.0,1024.0,221184.0,2.0,2.0,8.0,32.0,16
_FILE_ClimaAtmos_jl_mod_src_cache_microphysics_cache_jl_L238,32.0,registers,True,True,100.0,1024.0,221184.0,2.0,2.0,8.0,32.0,16
_FILE_ClimaAtmos_jl_mod_src_cache_microphysics_cache_jl_L239,32.0,registers,True,True,100.0,1024.0,221184.0,2.0,2.0,8.0,32.0,16
_FILE_ClimaAtmos_jl_mod_src_cache_microphysics_cache_jl_L240,32.0,registers,True,True,100.0,1024.0,221184.0,2.0,2.0,8.0,32.0,16
_FILE_ClimaAtmos_jl_mod_src_cache_microphysics_cache_jl_L244,32.0,registers,True,True,100.0,1024.0,221184.0,2.0,2.0,8.0,32.0,16
_FILE_ClimaAtmos_jl_mod_src_cache_microphysics_cache_jl_L248,32.0,registers,True,True,100.0,1024.0,221184.0,2.0,2.0,8.0,32.0,16
_FILE_ClimaAtmos_jl_mod_src_cache_microphysics_cache_jl_L256,32.0,registers,True,True,100.0,1024.0,221184.0,2.0,2.0,8.0,32.0,16
_FILE_ClimaAtmos_jl_mod_src_cache_microphysics_cache_jl_L258,32.0,registers,True,True,100.0,1024.0,221184.0,2.0,2.0,8.0,32.0,16
_FILE_ClimaAtmos_jl_mod_src_prognostic_equations_eddy_diffusion_closures_jl_L804,32.0,registers,True,True,100.0,1024.0,221184.0,2.0,2.0,8.0,32.0,6
_FILE_ClimaCoupler_jl_mod_ext_ClimaCouplerClimaLandExt_climaland_integrated_jl_L233,32.0,registers,True,True,98.44,224.0,24640.0,9.0,9.0,32.0,32.0,1
_FILE_ClimaCoupler_jl_mod_src_Models_prescr_seaice_jl_L269,32.0,registers,True,True,98.44,224.0,24640.0,9.0,9.0,32.0,32.0,1
_FILE_ClimaDiagnostics_Q9hyU_src_clima_diagnostics_jl_L148,32.0,registers,True,True,98.44,224.0,24640.0,9.0,9.0,32.0,32.0,84
_FILE_ClimaLand_SbcNB_src_standalone_Soil_spatially_varying_parameters_jl_L296,32.0,registers,True,True,100.0,1024.0,221184.0,2.0,2.0,8.0,32.0,4
_FILE_ClimaLand_SbcNB_src_standalone_Soil_spatially_varying_parameters_jl_L298,32.0,registers,True,True,100.0,1024.0,221184.0,2.0,2.0,8.0,32.0,1
_FILE_ClimaLand_SbcNB_src_standalone_Soil_spatially_varying_parameters_jl_L330,32.0,registers,True,True,100.0,1024.0,221184.0,2.0,2.0,8.0,32.0,1
_FILE_ClimaLand_SbcNB_src_standalone_Soil_spatially_varying_parameters_jl_L331,32.0,registers,True,True,100.0,1024.0,221184.0,2.0,2.0,8.0,32.0,1
_FILE_ClimaLand_SbcNB_src_standalone_Vegetation_spatially_varying_parameters_jl_L89,32.0,registers,True,True,98.44,224.0,24640.0,9.0,9.0,32.0,32.0,6
_FILE_ClimaUtilities_2GLZR_ext_TimeVaryingInputsExt_jl_L427,32.0,registers,True,True,100.0,1024.0,221184.0,2.0,2.0,8.0,32.0,18
_apply_edmf_cloud_weighting__FILE_ClimaAtmos_jl_mod_src_parameterized_tendencies_microphysics_cloud_fraction_jl_L1249,32.0,registers,True,True,100.0,1024.0,221184.0,2.0,2.0,8.0,32.0,6
_apply_edmf_cloud_weighting__FILE_ClimaAtmos_jl_mod_src_parameterized_tendencies_microphysics_cloud_fraction_jl_L1262,32.0,registers,True,True,100.0,1024.0,221184.0,2.0,2.0,8.0,32.0,6
_coupler_set_ic__FILE_ClimaCoupler_jl_mod_ext_ClimaCouplerClimaLandExt_climaland_helpers_jl_L159,32.0,registers,True,True,98.44,224.0,24640.0,9.0,9.0,32.0,32.0,1
_d2dz2_FILE_ClimaAtmos_jl_mod_src_parameterized_tendencies_gravity_wave_drag_orographic_gravity_wave_jl_L1348,32.0,registers,True,True,100.0,128.0,1572864.0,16.0,16.0,42.0,32.0,2
assign_moisture_edmf__FILE_ClimaAtmos_jl_mod_src_setups_common_overwrite_from_file_jl_L281,32.0,registers,True,True,100.0,1024.0,221184.0,2.0,2.0,8.0,32.0,1
assign_moisture_edmf__FILE_ClimaAtmos_jl_mod_src_setups_common_overwrite_from_file_jl_L292,32.0,registers,True,True,100.0,1024.0,221184.0,2.0,2.0,8.0,32.0,10
assign_moisture_edmf__FILE_ClimaAtmos_jl_mod_src_setups_common_overwrite_from_file_jl_L321,32.0,registers,True,True,100.0,1024.0,221184.0,2.0,2.0,8.0,32.0,2
calc_base_flux__FILE_ClimaAtmos_jl_mod_src_parameterized_tendencies_gravity_wave_drag_orographic_gravity_wave_jl_L945,32.0,registers,True,True,98.44,224.0,24640.0,9.0,9.0,32.0,32.0,2
calc_base_flux__FILE_ClimaAtmos_jl_mod_src_parameterized_tendencies_gravity_wave_drag_orographic_gravity_wave_jl_L961,32.0,registers,True,True,98.44,224.0,24640.0,9.0,9.0,32.0,32.0,1
calc_base_flux__FILE_ClimaAtmos_jl_mod_src_parameterized_tendencies_gravity_wave_drag_orographic_gravity_wave_jl_L964,32.0,registers,True,True,98.44,224.0,24640.0,9.0,9.0,32.0,32.0,2
calc_base_flux__FILE_ClimaAtmos_jl_mod_src_parameterized_tendencies_gravity_wave_drag_orographic_gravity_wave_jl_L965,32.0,registers,True,True,98.44,224.0,24640.0,9.0,9.0,32.0,32.0,1
calc_base_flux__FILE_ClimaAtmos_jl_mod_src_parameterized_tendencies_gravity_wave_drag_orographic_gravity_wave_jl_L966,32.0,registers,True,True,98.44,224.0,24640.0,9.0,9.0,32.0,32.0,1
calc_base_flux__FILE_ClimaAtmos_jl_mod_src_parameterized_tendencies_gravity_wave_drag_orographic_gravity_wave_jl_L970,32.0,registers,True,True,98.44,224.0,24640.0,9.0,9.0,32.0,32.0,1
calc_base_flux__FILE_ClimaAtmos_jl_mod_src_parameterized_tendencies_gravity_wave_drag_orographic_gravity_wave_jl_L989,32.0,registers,True,True,98.44,224.0,24640.0,9.0,9.0,32.0,32.0,1
calc_nonpropagating_forcing__FILE_ClimaAtmos_jl_mod_src_parameterized_tendencies_gravity_wave_drag_orographic_gravity_wave_jl_L649,32.0,registers,True,True,100.0,1024.0,221184.0,2.0,2.0,8.0,32.0,1
calc_nonpropagating_forcing__FILE_ClimaAtmos_jl_mod_src_parameterized_tendencies_gravity_wave_drag_orographic_gravity_wave_jl_L651,32.0,registers,True,True,100.0,1024.0,221184.0,2.0,2.0,8.0,32.0,1
check_land_equality_FILE_ClimaLand_SbcNB_src_shared_utilities_utils_jl_L57,32.0,registers,True,True,100.0,1024.0,221184.0,2.0,2.0,8.0,32.0,19
check_land_equality_FILE_ClimaLand_SbcNB_src_shared_utilities_utils_jl_L59,32.0,registers,True,True,100.0,1024.0,221184.0,2.0,2.0,8.0,32.0,22
compute_10cm_water_mass__FILE_ClimaLand_SbcNB_src_diagnostics_land_compute_methods_jl_L512,32.0,registers,True,True,100.0,1024.0,221184.0,2.0,2.0,8.0,32.0,1
compute_10cm_water_mass__FILE_ClimaLand_SbcNB_src_diagnostics_land_compute_methods_jl_L519,32.0,registers,True,True,100.0,1024.0,221184.0,2.0,2.0,8.0,32.0,1
compute_canopy_transpiration__FILE_ClimaLand_SbcNB_src_diagnostics_land_compute_methods_jl_L235,32.0,registers,True,True,98.44,224.0,24640.0,9.0,9.0,32.0,32.0,1
compute_dss_weights_FILE_ClimaCore_jl_mod_src_Grids_spectralelement_jl_L731,32.0,registers,True,True,98.44,224.0,24640.0,9.0,9.0,32.0,32.0,1
compute_evapotranspiration__FILE_ClimaLand_SbcNB_src_diagnostics_land_compute_methods_jl_L881,32.0,registers,True,True,98.44,224.0,24640.0,9.0,9.0,32.0,32.0,1
compute_heterotrophic_respiration__FILE_ClimaLand_SbcNB_src_diagnostics_land_compute_methods_jl_L649,32.0,registers,True,True,98.44,224.0,24640.0,9.0,9.0,32.0,32.0,1
compute_net_ecosystem_exchange__FILE_ClimaLand_SbcNB_src_diagnostics_land_compute_methods_jl_L133,32.0,registers,True,True,98.44,224.0,24640.0,9.0,9.0,32.0,32.0,1
compute_sensible_heat_flux__FILE_ClimaLand_SbcNB_src_diagnostics_land_compute_methods_jl_L1009,32.0,registers,True,True,98.44,224.0,24640.0,9.0,9.0,32.0,32.0,2
compute_total_respiration__FILE_ClimaLand_SbcNB_src_diagnostics_land_compute_methods_jl_L928,32.0,registers,True,True,98.44,224.0,24640.0,9.0,9.0,32.0,32.0,1
copyto__FILE_ClimaCore_jl_mod_src_Fields_broadcast_jl_L415,32.0,registers,True,True,98.44,224.0,24640.0,9.0,9.0,32.0,32.0,1
dss__FILE_ClimaCore_jl_mod_src_Topologies_dss_jl_L417,32.0,registers,True,True,100.0,256.0,4864.0,8.0,8.0,32.0,32.0,34
dss_transform__FILE_ClimaCore_jl_mod_src_Topologies_dss_jl_L119,32.0,registers,True,True,100.0,256.0,18432.0,8.0,8.0,32.0,32.0,35
dss_untransform__FILE_ClimaCore_jl_mod_src_Topologies_dss_jl_L172,32.0,registers,True,True,100.0,256.0,18432.0,8.0,8.0,32.0,32.0,35
field_shiftlevel_up__FILE_ClimaAtmos_jl_mod_src_parameterized_tendencies_gravity_wave_drag_non_orographic_gravity_wave_jl_L1651,32.0,registers,True,True,100.0,128.0,1572864.0,16.0,16.0,42.0,32.0,5
fill__FILE_ClimaCore_jl_mod_src_Fields_Fields_jl_L434,32.0,registers,True,True,98.44,224.0,24640.0,9.0,9.0,32.0,32.0,65
"gpu_fill_kernel_(CompilerMetadata<DynamicSize, DynamicCheck, void, CartesianIndices<1, Tuple<OneTo<Int64>>>, NDRange<1, DynamicSize, DynamicSize, CartesianIndices<1, Tuple<OneTo<Int64>>>, CartesianIndices<1, Tuple<OneTo<Int64>>>>>, SubArray<Float32, 2, CuDeviceArray<Float32, 2, 1>, Tuple<UnitRange<Int64>, Slice<OneTo<Int64>>>, 0>, Float64)",32.0,registers,True,True,100.0,1024.0,1548288.0,2.0,2.0,8.0,32.0,7
"gpu_fill_kernel_(CompilerMetadata<DynamicSize, DynamicCheck, void, CartesianIndices<1, Tuple<OneTo<Int64>>>, NDRange<1, DynamicSize, DynamicSize, CartesianIndices<1, Tuple<OneTo<Int64>>>, CartesianIndices<1, Tuple<OneTo<Int64>>>>>, SubArray<Float32, 2, CuDeviceArray<Float32, 3, 1>, Tuple<Int64, UnitRange<Int64>, Slice<OneTo<Int64>>>, 0>, Float64)",32.0,registers,True,True,100.0,1024.0,1548288.0,2.0,2.0,8.0,32.0,26
"gpu_fill_kernel_(CompilerMetadata<DynamicSize, DynamicCheck, void, CartesianIndices<1, Tuple<OneTo<Int64>>>, NDRange<1, DynamicSize, DynamicSize, CartesianIndices<1, Tuple<OneTo<Int64>>>, CartesianIndices<1, Tuple<OneTo<Int64>>>>>, SubArray<Float32, 2, CuDeviceArray<Float32, 3, 1>, Tuple<Int64, UnitRange<Int64>, Slice<OneTo<Int64>>>, 0>, Int64)",32.0,registers,True,True,100.0,1024.0,1548288.0,2.0,2.0,8.0,32.0,2
"gpu_linear_copy_kernel_(CompilerMetadata<DynamicSize, DynamicCheck, void, CartesianIndices<1, Tuple<OneTo<Int64>>>, NDRange<1, DynamicSize, DynamicSize, CartesianIndices<1, Tuple<OneTo<Int64>>>, CartesianIndices<1, Tuple<OneTo<Int64>>>>>, CuDeviceArray<Float32, 1, 1>, Int64, ReshapedArray<Float32, 2, SubArray<Float32, 5, CuDeviceArray<Float32, 5, 1>, Tuple<Slice<OneTo<Int64>>, Slice<OneTo<Int64>>, Slice<OneTo<Int64>>, UnitRange<Int64>, Slice<OneTo<Int64>>>, 0>, Tuple<SignedMultiplicativeInverse<Int64>, SignedMultiplicativeInverse<Int64>, SignedMultiplicativeInverse<Int64>, SignedMultiplicativeInverse<Int64>>>, Int64, Int64)",32.0,registers,True,True,100.0,1024.0,1548288.0,2.0,2.0,8.0,32.0,1
hypsography_FILE_ClimaAtmos_jl_mod_src_simulation_grids_jl_L334,32.0,registers,True,True,98.44,224.0,24640.0,9.0,9.0,32.0,32.0,1
init_sfc_conditions_zero__FILE_ClimaAtmos_jl_mod_src_surface_conditions_surface_conditions_jl_L140,32.0,registers,True,True,98.44,224.0,24640.0,9.0,9.0,32.0,32.0,3
init_sfc_conditions_zero__FILE_ClimaAtmos_jl_mod_src_surface_conditions_surface_conditions_jl_L142,32.0,registers,True,True,98.44,224.0,24640.0,9.0,9.0,32.0,32.0,2
init_sfc_conditions_zero__FILE_ClimaAtmos_jl_mod_src_surface_conditions_surface_conditions_jl_L146,32.0,registers,True,True,98.44,224.0,24640.0,9.0,9.0,32.0,32.0,2
non_orographic_gravity_wave_compute_tendency__FILE_ClimaAtmos_jl_mod_src_parameterized_tendencies_gravity_wave_drag_non_orographic_gravity_wave_jl_L337,32.0,registers,True,True,100.0,1024.0,221184.0,2.0,2.0,8.0,32.0,3
non_orographic_gravity_wave_compute_tendency__FILE_ClimaAtmos_jl_mod_src_parameterized_tendencies_gravity_wave_drag_non_orographic_gravity_wave_jl_L340,32.0,registers,True,True,100.0,1024.0,221184.0,2.0,2.0,8.0,32.0,2
non_orographic_gravity_wave_compute_tendency__FILE_ClimaAtmos_jl_mod_src_parameterized_tendencies_gravity_wave_drag_non_orographic_gravity_wave_jl_L342,32.0,registers,True,True,100.0,1024.0,221184.0,2.0,2.0,8.0,32.0,1
orographic_gravity_wave_compute_tendency__FILE_ClimaAtmos_jl_mod_src_parameterized_tendencies_gravity_wave_drag_orographic_gravity_wave_jl_L212,32.0,registers,True,True,100.0,1024.0,221184.0,2.0,2.0,8.0,32.0,1
orographic_gravity_wave_forcing__FILE_ClimaAtmos_jl_mod_src_parameterized_tendencies_gravity_wave_drag_orographic_gravity_wave_jl_L389,32.0,registers,True,True,98.44,224.0,24640.0,9.0,9.0,32.0,32.0,1
orographic_gravity_wave_forcing__FILE_ClimaAtmos_jl_mod_src_parameterized_tendencies_gravity_wave_drag_orographic_gravity_wave_jl_L489,32.0,registers,True,True,100.0,1024.0,221184.0,2.0,2.0,8.0,32.0,2
postprocess_and_accumulate__FILE_ClimaAtmos_jl_mod_src_parameterized_tendencies_gravity_wave_drag_non_orographic_gravity_wave_jl_L1276,32.0,registers,True,True,100.0,1024.0,221184.0,2.0,2.0,8.0,32.0,2
precomputed_quantities_FILE_ClimaAtmos_jl_mod_src_cache_precomputed_quantities_jl_L271,32.0,registers,True,True,100.0,1024.0,221184.0,2.0,2.0,8.0,32.0,1
set_covariance_cache__FILE_ClimaAtmos_jl_mod_src_parameterized_tendencies_microphysics_cloud_fraction_jl_L391,32.0,registers,True,True,100.0,1024.0,221184.0,2.0,2.0,8.0,32.0,6
set_covariance_cache__FILE_ClimaAtmos_jl_mod_src_parameterized_tendencies_microphysics_cloud_fraction_jl_L407,32.0,registers,True,True,100.0,1024.0,221184.0,2.0,2.0,8.0,32.0,6
set_covariance_cache_and_cloud_fraction__FILE_ClimaAtmos_jl_mod_src_parameterized_tendencies_microphysics_cloud_fraction_jl_L89,32.0,registers,True,True,100.0,1024.0,221184.0,2.0,2.0,8.0,32.0,77
set_covariance_cache_and_cloud_fraction__FILE_ClimaAtmos_jl_mod_src_parameterized_tendencies_microphysics_cloud_fraction_jl_L96,32.0,registers,True,True,100.0,1024.0,221184.0,2.0,2.0,8.0,32.0,2
set_edmfx_surface_conditions__FILE_ClimaAtmos_jl_mod_src_prognostic_equations_edmfx_boundary_condition_jl_L81,32.0,registers,True,True,98.44,224.0,24640.0,9.0,9.0,32.0,32.0,4
set_face_diffusivities__NVTX,32.0,registers,True,True,100.0,128.0,1572864.0,16.0,16.0,33.0,32.0,14
set_ic__FILE_ClimaLand_SbcNB_src_simulations_initial_conditions_jl_L1093,32.0,registers,True,True,100.0,1024.0,221184.0,2.0,2.0,8.0,32.0,1
set_implicit_precomputed_quantities__NVTX,32.0,registers,True,True,100.0,128.0,1572864.0,16.0,16.0,42.0,32.0,16
set_insolation_variables__FILE_ClimaAtmos_jl_mod_src_callbacks_callbacks_jl_L273,32.0,registers,True,True,98.44,224.0,24640.0,9.0,9.0,32.0,32.0,2
set_insolation_variables__FILE_ClimaAtmos_jl_mod_src_callbacks_callbacks_jl_L274,32.0,registers,True,True,98.44,224.0,24640.0,9.0,9.0,32.0,32.0,4
set_microphysics_tendency_cache__FILE_ClimaAtmos_jl_mod_src_cache_microphysics_cache_jl_L1011,32.0,registers,True,True,100.0,1024.0,221184.0,2.0,2.0,8.0,32.0,2
set_microphysics_tendency_cache__FILE_ClimaAtmos_jl_mod_src_cache_microphysics_cache_jl_L1012,32.0,registers,True,True,100.0,1024.0,221184.0,2.0,2.0,8.0,32.0,2
set_microphysics_tendency_cache__FILE_ClimaAtmos_jl_mod_src_cache_microphysics_cache_jl_L990,32.0,registers,True,True,100.0,1024.0,221184.0,2.0,2.0,8.0,32.0,3
set_precipitation_surface_fluxes__FILE_ClimaAtmos_jl_mod_src_cache_microphysics_cache_jl_L1321,32.0,registers,True,True,100.0,1024.0,221184.0,2.0,2.0,8.0,32.0,22
set_precipitation_velocities__FILE_ClimaAtmos_jl_mod_src_cache_microphysics_cache_jl_L195,32.0,registers,True,True,100.0,1024.0,221184.0,2.0,2.0,8.0,32.0,28
set_precipitation_velocities__FILE_ClimaAtmos_jl_mod_src_cache_microphysics_cache_jl_L261,32.0,registers,True,True,100.0,1024.0,221184.0,2.0,2.0,8.0,32.0,4
set_precipitation_velocities__FILE_ClimaAtmos_jl_mod_src_cache_microphysics_cache_jl_L262,32.0,registers,True,True,100.0,1024.0,221184.0,2.0,2.0,8.0,32.0,4
set_prognostic_edmf_precomputed_quantities_draft__NVTX,32.0,registers,True,True,100.0,1024.0,221184.0,2.0,2.0,8.0,32.0,14
set_prognostic_edmf_precomputed_quantities_explicit_closures__NVTX,32.0,registers,True,True,100.0,1024.0,221184.0,2.0,2.0,8.0,32.0,16
set_soilco2_SOC_from_soilgrids__FILE_ClimaLand_SbcNB_src_simulations_initial_conditions_jl_L192,32.0,registers,True,True,100.0,1024.0,221184.0,2.0,2.0,8.0,32.0,1
set_velocity_at_surface__FILE_ClimaAtmos_jl_mod_src_cache_precomputed_quantities_jl_L500,32.0,registers,True,True,98.44,224.0,24640.0,9.0,9.0,32.0,32.0,4
set_velocity_quantities__FILE_ClimaAtmos_jl_mod_src_cache_precomputed_quantities_jl_L577,32.0,registers,True,True,100.0,1024.0,221184.0,2.0,2.0,8.0,32.0,6
slab_ice_space_init_FILE_ClimaCoupler_jl_mod_src_Models_prescr_seaice_jl_L160,32.0,registers,True,True,98.44,224.0,24640.0,9.0,9.0,32.0,32.0,1
update_cloud_properties__FILE_ClimaAtmos_jl_mod_src_parameterized_tendencies_radiation_update_inputs_jl_L397,32.0,registers,True,True,100.0,1024.0,221184.0,2.0,2.0,8.0,32.0,11
calc_propagate_forcing__FILE_ClimaAtmos_jl_mod_src_parameterized_tendencies_gravity_wave_drag_orographic_gravity_wave_jl_L703,31.0,registers,True,True,100.0,128.0,1572864.0,16.0,16.0,42.0,32.0,1
"gpu_broadcast_kernel_cartesian(CompilerMetadata<DynamicSize, DynamicCheck, void, CartesianIndices<2, Tuple<OneTo<Int64>, OneTo<Int64>>>, NDRange<2, DynamicSize, DynamicSize, CartesianIndices<2, Tuple<OneTo<Int64>, OneTo<Int64>>>, CartesianIndices<2, Tuple<OneTo<Int64>, OneTo<Int64>>>>>, SubArray<Float32, 2, CuDeviceArray<Float32, 2, 1>, Tuple<UnitRange<Int64>, Slice<OneTo<Int64>>>, 0>, Broadcasted<CuArrayStyle<2, DeviceMemory>, Tuple<OneTo<Int64>, OneTo<Int64>>, best_fit_p, Tuple<Extruded<SubArray<Float32, 2, CuDeviceArray<Float32, 2, 1>, Tuple<UnitRange<Int64>, Slice<OneTo<Int64>>>, 0>, Tuple<Bool, Bool>, Tuple<Int64, Int64>>, Extruded<SubArray<Float32, 2, CuDeviceArray<Float32, 2, 1>, Tuple<UnitRange<Int64>, Slice<OneTo<Int64>>>, 0>, Tuple<Bool, Bool>, Tuple<Int64, Int64>>, Extruded<SubArray<Float32, 2, CuDeviceArray<Float32, 3, 1>, Tuple<Int64, UnitRange<Int64>, Slice<OneTo<Int64>>>, 0>, Tuple<Bool, Bool>, Tuple<Int64, Int64>>, Extruded<SubArray<Float32, 2, CuDeviceArray<Float32, 3, 1>, Tuple<Int64, UnitRange<Int64>, Slice<OneTo<Int64>>>, 0>, Tuple<Bool, Bool>, Tuple<Int64, Int64>>, Extruded<SubArray<Float32, 2, CuDeviceArray<Float32, 2, 1>, Tuple<UnitRange<Int64>, Slice<OneTo<Int64>>>, 0>, Tuple<Bool, Bool>, Tuple<Int64, Int64>>, Extruded<SubArray<Float32, 2, CuDeviceArray<Float32, 3, 1>, Tuple<Int64, UnitRange<Int64>, Slice<OneTo<Int64>>>, 0>, Tuple<Bool, Bool>, Tuple<Int64, Int64>>, Extruded<SubArray<Float32, 2, CuDeviceArray<Float32, 3, 1>, Tuple<Int64, UnitRange<Int64>, Slice<OneTo<Int64>>>, 0>, Tuple<Bool, Bool>, Tuple<Int64, Int64>>, Extruded<SubArray<Float32, 2, CuDeviceArray<Float32, 2, 1>, Tuple<UnitRange<Int64>, Slice<OneTo<Int64>>>, 0>, Tuple<Bool, Bool>, Tuple<Int64, Int64>>>>)",31.0,registers,True,True,96.88,992.0,1523712.0,2.0,2.0,8.0,32.0,1
non_orographic_gravity_wave_compute_tendency__FILE_ClimaAtmos_jl_mod_src_parameterized_tendencies_gravity_wave_drag_non_orographic_gravity_wave_jl_L336,31.0,registers,True,True,100.0,128.0,1572864.0,16.0,16.0,42.0,32.0,2
calc_saturation_profile__FILE_ClimaAtmos_jl_mod_src_parameterized_tendencies_gravity_wave_drag_orographic_gravity_wave_jl_L1183,30.0,registers,True,True,100.0,128.0,1572864.0,16.0,16.0,42.0,32.0,1
"gpu_broadcast_kernel_cartesian(CompilerMetadata<DynamicSize, DynamicCheck, void, CartesianIndices<2, Tuple<OneTo<Int64>, OneTo<Int64>>>, NDRange<2, DynamicSize, DynamicSize, CartesianIndices<2, Tuple<OneTo<Int64>, OneTo<Int64>>>, CartesianIndices<2, Tuple<OneTo<Int64>, OneTo<Int64>>>>>, SubArray<Float32, 2, CuDeviceArray<Float32, 2, 1>, Tuple<UnitRange<Int64>, Slice<OneTo<Int64>>>, 0>, Broadcasted<CuArrayStyle<2, DeviceMemory>, Tuple<OneTo<Int64>, OneTo<Int64>>, _, Tuple<Extruded<SubArray<Float32, 2, CuDeviceArray<Float32, 3, 1>, Tuple<Int64, UnitRange<Int64>, Slice<OneTo<Int64>>>, 0>, Tuple<Bool, Bool>, Tuple<Int64, Int64>>, Broadcasted<CuArrayStyle<2, DeviceMemory>, void, _, Tuple<Broadcasted<CuArrayStyle<2, DeviceMemory>, void, _, Tuple<Broadcasted<CuArrayStyle<2, DeviceMemory>, void, _, Tuple<Extruded<SubArray<Float32, 2, CuDeviceArray<Float32, 3, 1>, Tuple<Int64, UnitRange<Int64>, Slice<OneTo<Int64>>>, 0>, Tuple<Bool, Bool>, Tuple<Int64, Int64>>, Extruded<SubArray<Float32, 2, CuDeviceArray<Float32, 3, 1>, Tuple<Int64, UnitRange<Int64>, Slice<OneTo<Int64>>>, 0>, Tuple<Bool, Bool>, Tuple<Int64, Int64>>>>, Broadcasted<CuArrayStyle<2, DeviceMemory>, void, _, Tuple<Extruded<SubArray<Float32, 2, CuDeviceArray<Float32, 2, 1>, Tuple<UnitRange<Int64>, Slice<OneTo<Int64>>>, 0>, Tuple<Bool, Bool>, Tuple<Int64, Int64>>, Extruded<SubArray<Float32, 2, CuDeviceArray<Float32, 2, 1>, Tuple<UnitRange<Int64>, Slice<OneTo<Int64>>>, 0>, Tuple<Bool, Bool>, Tuple<Int64, Int64>>>>>>, Broadcasted<CuArrayStyle<2, DeviceMemory>, void, _, Tuple<Extruded<SubArray<Float32, 2, CuDeviceArray<Float32, 2, 1>, Tuple<UnitRange<Int64>, Slice<OneTo<Int64>>>, 0>, Tuple<Bool, Bool>, Tuple<Int64, Int64>>, Extruded<SubArray<Float32, 2, CuDeviceArray<Float32, 2, 1>, Tuple<UnitRange<Int64>, Slice<OneTo<Int64>>>, 0>, Tuple<Bool, Bool>, Tuple<Int64, Int64>>>>>>>>)",30.0,registers,True,True,96.88,992.0,1523712.0,2.0,2.0,8.0,32.0,1
set_velocity_quantities__FILE_ClimaAtmos_jl_mod_src_cache_precomputed_quantities_jl_L576,30.0,registers,True,True,100.0,128.0,1572864.0,16.0,16.0,40.0,32.0,6
set_sgs__u___FILE_ClimaAtmos_jl_mod_src_cache_precomputed_quantities_jl_L596,29.0,registers,True,True,100.0,128.0,1572864.0,16.0,16.0,42.0,32.0,2
"gpu_broadcast_kernel_linear(CompilerMetadata<DynamicSize, DynamicCheck, void, CartesianIndices<1, Tuple<OneTo<Int64>>>, NDRange<1, DynamicSize, DynamicSize, CartesianIndices<1, Tuple<OneTo<Int64>>>, CartesianIndices<1, Tuple<OneTo<Int64>>>>>, CuDeviceArray<Float32, 1, 1>, Broadcasted<CuArrayStyle<1, DeviceMemory>, Tuple<OneTo<Int64>>, identity, Tuple<Extruded<ReshapedArray<Float32, 1, SubArray<Float32, 5, CuDeviceArray<Float32, 5, 1>, Tuple<Slice<OneTo<Int64>>, Slice<OneTo<Int64>>, Slice<OneTo<Int64>>, UnitRange<Int64>, Slice<OneTo<Int64>>>, 0>, Tuple<SignedMultiplicativeInverse<Int64>, SignedMultiplicativeInverse<Int64>, SignedMultiplicativeInverse<Int64>, SignedMultiplicativeInverse<Int64>>>, Tuple<Bool>, Tuple<Int64>>>>)",27.0,registers,True,True,100.0,1024.0,24576.0,2.0,2.0,8.0,32.0,1
_FILE_ClimaAtmos_jl_mod_src_setups_common_overwrite_from_file_jl_L431,26.0,registers,True,True,100.0,128.0,1572864.0,16.0,16.0,42.0,32.0,1
calc_nonpropagating_forcing__FILE_ClimaAtmos_jl_mod_src_parameterized_tendencies_gravity_wave_drag_orographic_gravity_wave_jl_L642,26.0,registers,True,True,100.0,128.0,1572864.0,16.0,16.0,28.0,32.0,1
"gpu_broadcast_kernel_linear(CompilerMetadata<DynamicSize, DynamicCheck, void, CartesianIndices<1, Tuple<OneTo<Int64>>>, NDRange<1, DynamicSize, DynamicSize, CartesianIndices<1, Tuple<OneTo<Int64>>>, CartesianIndices<1, Tuple<OneTo<Int64>>>>>, SubArray<Float32, 1, CuDeviceArray<Float32, 2, 1>, Tuple<Int64, Slice<OneTo<Int64>>>, 1>, Broadcasted<CuArrayStyle<1, DeviceMemory>, Tuple<OneTo<Int64>>, best_fit_p, Tuple<Extruded<SubArray<Float32, 1, CuDeviceArray<Float32, 2, 1>, Tuple<Int64, Slice<OneTo<Int64>>>, 1>, Tuple<Bool>, Tuple<Int64>>, Extruded<SubArray<Float32, 1, CuDeviceArray<Float32, 2, 1>, Tuple<Int64, Slice<OneTo<Int64>>>, 1>, Tuple<Bool>, Tuple<Int64>>, Extruded<SubArray<Float32, 1, CuDeviceArray<Float32, 3, 1>, Tuple<Int64, Int64, Slice<OneTo<Int64>>>, 1>, Tuple<Bool>, Tuple<Int64>>, Extruded<SubArray<Float32, 1, CuDeviceArray<Float32, 3, 1>, Tuple<Int64, Int64, Slice<OneTo<Int64>>>, 1>, Tuple<Bool>, Tuple<Int64>>, Extruded<SubArray<Float32, 1, CuDeviceArray<Float32, 2, 1>, Tuple<Int64, Slice<OneTo<Int64>>>, 1>, Tuple<Bool>, Tuple<Int64>>, Extruded<SubArray<Float32, 1, CuDeviceArray<Float32, 3, 1>, Tuple<Int64, Int64, Slice<OneTo<Int64>>>, 1>, Tuple<Bool>, Tuple<Int64>>, Extruded<SubArray<Float32, 1, CuDeviceArray<Float32, 3, 1>, Tuple<Int64, Int64, Slice<OneTo<Int64>>>, 1>, Tuple<Bool>, Tuple<Int64>>, Extruded<SubArray<Float32, 1, CuDeviceArray<Float32, 2, 1>, Tuple<Int64, Slice<OneTo<Int64>>>, 1>, Tuple<Bool>, Tuple<Int64>>>>)",26.0,registers,True,True,100.0,1024.0,24576.0,2.0,2.0,8.0,32.0,2
"gpu_broadcast_kernel_linear(CompilerMetadata<DynamicSize, DynamicCheck, void, CartesianIndices<1, Tuple<OneTo<Int64>>>, NDRange<1, DynamicSize, DynamicSize, CartesianIndices<1, Tuple<OneTo<Int64>>>, CartesianIndices<1, Tuple<OneTo<Int64>>>>>, SubArray<Float32, 1, CuDeviceArray<Float32, 2, 1>, Tuple<Int64, Slice<OneTo<Int64>>>, 1>, Broadcasted<CuArrayStyle<1, DeviceMemory>, Tuple<OneTo<Int64>>, _, Tuple<Extruded<SubArray<Float32, 1, CuDeviceArray<Float32, 3, 1>, Tuple<Int64, Int64, Slice<OneTo<Int64>>>, 1>, Tuple<Bool>, Tuple<Int64>>, Broadcasted<CuArrayStyle<1, DeviceMemory>, void, _, Tuple<Broadcasted<CuArrayStyle<1, DeviceMemory>, void, _, Tuple<Broadcasted<CuArrayStyle<1, DeviceMemory>, void, _, Tuple<Extruded<SubArray<Float32, 1, CuDeviceArray<Float32, 3, 1>, Tuple<Int64, Int64, Slice<OneTo<Int64>>>, 1>, Tuple<Bool>, Tuple<Int64>>, Extruded<SubArray<Float32, 1, CuDeviceArray<Float32, 3, 1>, Tuple<Int64, Int64, Slice<OneTo<Int64>>>, 1>, Tuple<Bool>, Tuple<Int64>>>>, Broadcasted<CuArrayStyle<1, DeviceMemory>, void, _, Tuple<Extruded<SubArray<Float32, 1, CuDeviceArray<Float32, 2, 1>, Tuple<Int64, Slice<OneTo<Int64>>>, 1>, Tuple<Bool>, Tuple<Int64>>, Extruded<SubArray<Float32, 1, CuDeviceArray<Float32, 2, 1>, Tuple<Int64, Slice<OneTo<Int64>>>, 1>, Tuple<Bool>, Tuple<Int64>>>>>>, Broadcasted<CuArrayStyle<1, DeviceMemory>, void, _, Tuple<Extruded<SubArray<Float32, 1, CuDeviceArray<Float32, 2, 1>, Tuple<Int64, Slice<OneTo<Int64>>>, 1>, Tuple<Bool>, Tuple<Int64>>, Extruded<SubArray<Float32, 1, CuDeviceArray<Float32, 2, 1>, Tuple<Int64, Slice<OneTo<Int64>>>, 1>, Tuple<Bool>, Tuple<Int64>>>>>>>>)",24.0,registers,True,True,100.0,1024.0,24576.0,2.0,2.0,8.0,32.0,2
_FILE_ClimaAtmos_jl_mod_src_setups_common_overwrite_from_file_jl_L68,22.0,warps,False,False,100.0,128.0,1572864.0,21.0,16.0,42.0,32.0,1
calc_nonpropagating_forcing__FILE_ClimaAtmos_jl_mod_src_parameterized_tendencies_gravity_wave_drag_orographic_gravity_wave_jl_L643,22.0,warps,False,False,100.0,128.0,1572864.0,21.0,16.0,42.0,32.0,1
calc_nonpropagating_forcing__FILE_ClimaAtmos_jl_mod_src_parameterized_tendencies_gravity_wave_drag_orographic_gravity_wave_jl_L644,22.0,warps,False,False,100.0,128.0,1572864.0,21.0,16.0,42.0,32.0,1
compute_field_FILE_ClimaDiagnostics_Q9hyU_src_clima_diagnostics_jl_L243,22.0,warps,False,False,100.0,128.0,1572864.0,21.0,16.0,42.0,32.0,2
"gpu_broadcast_kernel_cartesian(CompilerMetadata<DynamicSize, DynamicCheck, void, CartesianIndices<3, Tuple<OneTo<Int64>, OneTo<Int64>, OneTo<Int64>>>, NDRange<3, DynamicSize, DynamicSize, CartesianIndices<3, Tuple<OneTo<Int64>, OneTo<Int64>, OneTo<Int64>>>, CartesianIndices<3, Tuple<OneTo<Int64>, OneTo<Int64>, OneTo<Int64>>>>>, SubArray<Float32, 3, CuDeviceArray<Float32, 4, 1>, Tuple<CuDeviceArray<CartesianIndex<2>, 1, 1>, Slice<OneTo<Int64>>, UnitRange<Int64>>, 0>, Broadcasted<CuArrayStyle<3, DeviceMemory>, Tuple<OneTo<Int64>, OneTo<Int64>, OneTo<Int64>>, identity, Tuple<Extruded<CuDeviceArray<Float32, 3, 1>, Tuple<Bool, Bool, Bool>, Tuple<Int64, Int64, Int64>>>>)",22.0,registers,True,True,100.0,1024.0,1161216.0,2.0,2.0,8.0,32.0,2
"gpu_linear_copy_kernel_(CompilerMetadata<DynamicSize, DynamicCheck, void, CartesianIndices<1, Tuple<OneTo<Int64>>>, NDRange<1, DynamicSize, DynamicSize, CartesianIndices<1, Tuple<OneTo<Int64>>>, CartesianIndices<1, Tuple<OneTo<Int64>>>>>, CuDeviceArray<Float32, 1, 1>, Int64, ReshapedArray<Float32, 1, SubArray<Float32, 5, CuDeviceArray<Float32, 5, 1>, Tuple<UnitRange<Int64>, Slice<OneTo<Int64>>, Slice<OneTo<Int64>>, UnitRange<Int64>, Slice<OneTo<Int64>>>, 0>, Tuple<SignedMultiplicativeInverse<Int64>, SignedMultiplicativeInverse<Int64>, SignedMultiplicativeInverse<Int64>, SignedMultiplicativeInverse<Int64>>>, Int64, Int64)",22.0,registers,True,True,100.0,1024.0,24576.0,2.0,2.0,8.0,32.0,1
"gpu_permutedims_kernel_(CompilerMetadata<DynamicSize, DynamicCheck, void, CartesianIndices<3, Tuple<OneTo<Int64>, OneTo<Int64>, OneTo<Int64>>>, NDRange<3, DynamicSize, DynamicSize, CartesianIndices<3, Tuple<OneTo<Int64>, OneTo<Int64>, OneTo<Int64>>>, CartesianIndices<3, Tuple<OneTo<Int64>, OneTo<Int64>, OneTo<Int64>>>>>, CuDeviceArray<Float32, 1, 1>, CuDeviceArray<Float32, 1, 1>, Tuple<UInt32, UInt32, UInt32>, Tuple<UInt32, UInt32, UInt32>)",22.0,registers,True,True,100.0,1024.0,6291456.0,2.0,2.0,8.0,32.0,2
gw_average__FILE_ClimaAtmos_jl_mod_src_parameterized_tendencies_gravity_wave_drag_non_orographic_gravity_wave_jl_L1603,21.0,warps,False,False,100.0,128.0,1572864.0,21.0,16.0,42.0,32.0,2
assign_velocity_energy__FILE_ClimaAtmos_jl_mod_src_setups_common_overwrite_from_file_jl_L128,20.0,warps,False,False,100.0,128.0,1572864.0,21.0,16.0,42.0,32.0,1
"gpu_broadcast_kernel_cartesian(CompilerMetadata<DynamicSize, DynamicCheck, void, CartesianIndices<2, Tuple<OneTo<Int64>, OneTo<Int64>>>, NDRange<2, DynamicSize, DynamicSize, CartesianIndices<2, Tuple<OneTo<Int64>, OneTo<Int64>>>, CartesianIndices<2, Tuple<OneTo<Int64>, OneTo<Int64>>>>>, CuDeviceArray<Float32, 2, 1>, Broadcasted<CuArrayStyle<2, DeviceMemory>, Tuple<OneTo<Int64>, OneTo<Int64>>, inv, Tuple<Broadcasted<CuArrayStyle<2, DeviceMemory>, void, _, Tuple<Broadcasted<CuArrayStyle<2, DeviceMemory>, void, _, Tuple<Broadcasted<CuArrayStyle<2, DeviceMemory>, void, _, Tuple<Extruded<CuDeviceArray<Float32, 2, 1>, Tuple<Bool, Bool>, Tuple<Int64, Int64>>, Float32>>, Float32>>, Float32>>>>)",20.0,registers,True,True,96.88,975.0,1598025.0,2.0,2.0,8.0,32.0,1
_FILE_ClimaAtmos_jl_mod_src_setups_common_overwrite_from_file_jl_L72,18.0,warps,False,False,100.0,128.0,1572864.0,21.0,16.0,42.0,32.0,6
field_shiftface_down__FILE_ClimaAtmos_jl_mod_src_parameterized_tendencies_gravity_wave_drag_orographic_gravity_wave_jl_L834,18.0,warps,False,False,100.0,128.0,1572864.0,21.0,16.0,42.0,32.0,1
"gpu_broadcast_kernel_cartesian(CompilerMetadata<DynamicSize, DynamicCheck, void, CartesianIndices<2, Tuple<OneTo<Int64>, OneTo<Int64>>>, NDRange<2, DynamicSize, DynamicSize, CartesianIndices<2, Tuple<OneTo<Int64>, OneTo<Int64>>>, CartesianIndices<2, Tuple<OneTo<Int64>, OneTo<Int64>>>>>, SubArray<Float32, 2, CuDeviceArray<Float32, 3, 1>, Tuple<CuDeviceArray<CartesianIndex<2>, 1, 1>, UnitRange<Int64>>, 0>, Broadcasted<CuArrayStyle<2, DeviceMemory>, Tuple<OneTo<Int64>, OneTo<Int64>>, identity, Tuple<Extruded<CuDeviceArray<Float32, 2, 1>, Tuple<Bool, Bool>, Tuple<Int64, Int64>>>>)",18.0,registers,True,True,100.0,1024.0,18432.0,2.0,2.0,8.0,32.0,1
"gpu_broadcast_kernel_cartesian(CompilerMetadata<DynamicSize, DynamicCheck, void, CartesianIndices<2, Tuple<OneTo<Int64>, OneTo<Int64>>>, NDRange<2, DynamicSize, DynamicSize, CartesianIndices<2, Tuple<OneTo<Int64>, OneTo<Int64>>>, CartesianIndices<2, Tuple<OneTo<Int64>, OneTo<Int64>>>>>, SubArray<Float32, 2, CuDeviceArray<Float32, 3, 1>, Tuple<Int64, UnitRange<Int64>, Slice<OneTo<Int64>>>, 0>, Broadcasted<CuArrayStyle<2, DeviceMemory>, Tuple<OneTo<Int64>, OneTo<Int64>>, identity, Tuple<Extruded<CuDeviceArray<Float32, 2, 1>, Tuple<Bool, Bool>, Tuple<Int64, Int64>>>>)",18.0,registers,True,True,100.0,1008.0,1548288.0,2.0,2.0,8.0,32.0,2
dss__FILE_ClimaCore_jl_mod_src_Topologies_dss_jl_L409,17.0,warps,False,False,100.0,256.0,18432.0,10.0,8.0,32.0,32.0,1
dss__FILE_ClimaCore_jl_mod_src_Topologies_dss_jl_L425,17.0,warps,False,False,100.0,256.0,18432.0,10.0,8.0,32.0,32.0,1
"gpu_broadcast_kernel_cartesian(CompilerMetadata<DynamicSize, DynamicCheck, void, CartesianIndices<2, Tuple<OneTo<Int64>, OneTo<Int64>>>, NDRange<2, DynamicSize, DynamicSize, CartesianIndices<2, Tuple<OneTo<Int64>, OneTo<Int64>>>, CartesianIndices<2, Tuple<OneTo<Int64>, OneTo<Int64>>>>>, CuDeviceArray<Float32, 2, 1>, Broadcasted<CuArrayStyle<2, DeviceMemory>, Tuple<OneTo<Int64>, OneTo<Int64>>, _, Tuple<Extruded<CuDeviceArray<Float32, 2, 1>, Tuple<Bool, Bool>, Tuple<Int64, Int64>>, Extruded<CuDeviceArray<Float32, 2, 1>, Tuple<Bool, Bool>, Tuple<Int64, Int64>>>>)",16.0,warps,False,False,96.88,975.0,1598025.0,4.0,2.0,8.0,32.0,1
"gpu_broadcast_kernel_cartesian(CompilerMetadata<DynamicSize, DynamicCheck, void, CartesianIndices<2, Tuple<OneTo<Int64>, OneTo<Int64>>>, NDRange<2, DynamicSize, DynamicSize, CartesianIndices<2, Tuple<OneTo<Int64>, OneTo<Int64>>>, CartesianIndices<2, Tuple<OneTo<Int64>, OneTo<Int64>>>>>, CuDeviceArray<Float32, 2, 1>, Broadcasted<CuArrayStyle<2, DeviceMemory>, Tuple<OneTo<Int64>, OneTo<Int64>>, _, Tuple<Extruded<CuDeviceArray<Float32, 2, 1>, Tuple<Bool, Bool>, Tuple<Int64, Int64>>, Extruded<PermutedDimsArray<Float32, 2, _2__1_, _2__1_, CuDeviceArray<Float32, 2, 1>>, Tuple<Bool, Bool>, Tuple<Int64, Int64>>>>)",16.0,warps,False,False,100.0,1024.0,1597440.0,4.0,2.0,8.0,32.0,14
"gpu_broadcast_kernel_cartesian(CompilerMetadata<DynamicSize, DynamicCheck, void, CartesianIndices<2, Tuple<OneTo<Int64>, OneTo<Int64>>>, NDRange<2, DynamicSize, DynamicSize, CartesianIndices<2, Tuple<OneTo<Int64>, OneTo<Int64>>>, CartesianIndices<2, Tuple<OneTo<Int64>, OneTo<Int64>>>>>, CuDeviceArray<Float32, 2, 1>, Broadcasted<CuArrayStyle<2, DeviceMemory>, Tuple<OneTo<Int64>, OneTo<Int64>>, _, Tuple<Extruded<PermutedDimsArray<Float32, 2, _2__1_, _2__1_, CuDeviceArray<Float32, 2, 1>>, Tuple<Bool, _2__1_>, Tuple<Int64, Int64>>, Tuple<Bool, _2__1_>>>)",16.0,warps,False,False,96.88,975.0,1598025.0,4.0,2.0,8.0,32.0,1
"gpu_broadcast_kernel_cartesian(CompilerMetadata<DynamicSize, DynamicCheck, void, CartesianIndices<2, Tuple<OneTo<Int64>, OneTo<Int64>>>, NDRange<2, DynamicSize, DynamicSize, CartesianIndices<2, Tuple<OneTo<Int64>, OneTo<Int64>>>, CartesianIndices<2, Tuple<OneTo<Int64>, OneTo<Int64>>>>>, CuDeviceArray<Float32, 2, 1>, Broadcasted<CuArrayStyle<2, DeviceMemory>, Tuple<OneTo<Int64>, OneTo<Int64>>, clamp, Tuple<Extruded<CuDeviceArray<Float32, 2, 1>, Tuple<Bool, Bool>, Tuple<Int64, Int64>>, Float32, Float32>>)",16.0,warps,False,False,96.88,975.0,1598025.0,4.0,2.0,8.0,32.0,1
"gpu_broadcast_kernel_cartesian(CompilerMetadata<DynamicSize, DynamicCheck, void, CartesianIndices<2, Tuple<OneTo<Int64>, OneTo<Int64>>>, NDRange<2, DynamicSize, DynamicSize, CartesianIndices<2, Tuple<OneTo<Int64>, OneTo<Int64>>>, CartesianIndices<2, Tuple<OneTo<Int64>, OneTo<Int64>>>>>, CuDeviceArray<Float32, 2, 1>, Broadcasted<CuArrayStyle<2, DeviceMemory>, Tuple<OneTo<Int64>, OneTo<Int64>>, identity, Tuple<Extruded<PermutedDimsArray<Float32, 2, _2__1_, _2__1_, CuDeviceArray<Float32, 2, 1>>, Tuple<Bool, _2__1_>, Tuple<Int64, Int64>>>>)",16.0,warps,False,False,96.88,975.0,1598025.0,4.0,2.0,8.0,32.0,14
"gpu_broadcast_kernel_cartesian(CompilerMetadata<DynamicSize, DynamicCheck, void, CartesianIndices<2, Tuple<OneTo<Int64>, OneTo<Int64>>>, NDRange<2, DynamicSize, DynamicSize, CartesianIndices<2, Tuple<OneTo<Int64>, OneTo<Int64>>>, CartesianIndices<2, Tuple<OneTo<Int64>, OneTo<Int64>>>>>, CuDeviceArray<Float32, 2, 1>, Broadcasted<CuArrayStyle<2, DeviceMemory>, Tuple<OneTo<Int64>, OneTo<Int64>>, identity, Tuple<Extruded<SubArray<Float32, 2, CuDeviceArray<Float32, 2, 1>, Tuple<UnitRange<Int64>, Slice<OneTo<Int64>>>, 0>, Tuple<Bool, Bool>, Tuple<Int64, Int64>>>>)",16.0,warps,False,False,100.0,1024.0,1572864.0,4.0,2.0,8.0,32.0,1
"gpu_broadcast_kernel_cartesian(CompilerMetadata<DynamicSize, DynamicCheck, void, CartesianIndices<2, Tuple<OneTo<Int64>, OneTo<Int64>>>, NDRange<2, DynamicSize, DynamicSize, CartesianIndices<2, Tuple<OneTo<Int64>, OneTo<Int64>>>, CartesianIndices<2, Tuple<OneTo<Int64>, OneTo<Int64>>>>>, CuDeviceArray<Float32, 2, 1>, Broadcasted<CuArrayStyle<2, DeviceMemory>, Tuple<OneTo<Int64>, OneTo<Int64>>, max, Tuple<Extruded<CuDeviceArray<Float32, 2, 1>, Tuple<Bool, Bool>, Tuple<Int64, Int64>>, Float32>>)",16.0,warps,False,False,96.88,975.0,1598025.0,4.0,2.0,8.0,32.0,1
"gpu_broadcast_kernel_cartesian(CompilerMetadata<DynamicSize, DynamicCheck, void, CartesianIndices<2, Tuple<OneTo<Int64>, OneTo<Int64>>>, NDRange<2, DynamicSize, DynamicSize, CartesianIndices<2, Tuple<OneTo<Int64>, OneTo<Int64>>>, CartesianIndices<2, Tuple<OneTo<Int64>, OneTo<Int64>>>>>, CuDeviceArray<Float32, 2, 1>, Broadcasted<CuArrayStyle<2, DeviceMemory>, Tuple<OneTo<Int64>, OneTo<Int64>>, max, Tuple<Extruded<CuDeviceArray<Float32, 2, 1>, Tuple<Bool, Bool>, Tuple<Int64, Int64>>, Int64>>)",16.0,warps,False,False,100.0,1024.0,1572864.0,4.0,2.0,8.0,32.0,1
"gpu_broadcast_kernel_cartesian(CompilerMetadata<DynamicSize, DynamicCheck, void, CartesianIndices<2, Tuple<OneTo<Int64>, OneTo<Int64>>>, NDRange<2, DynamicSize, DynamicSize, CartesianIndices<2, Tuple<OneTo<Int64>, OneTo<Int64>>>, CartesianIndices<2, Tuple<OneTo<Int64>, OneTo<Int64>>>>>, SubArray<Float32, 2, CuDeviceArray<Float32, 3, 1>, Tuple<Int64, Slice<OneTo<Int64>>, Slice<OneTo<Int64>>>, 1>, Broadcasted<CuArrayStyle<2, DeviceMemory>, Tuple<OneTo<Int64>, OneTo<Int64>>, clamp, Tuple<Extruded<SubArray<Float32, 2, CuDeviceArray<Float32, 3, 1>, Tuple<Int64, Slice<OneTo<Int64>>, Slice<OneTo<Int64>>>, 1>, Tuple<Bool, Bool>, Tuple<Int64, Int64>>, Float32, Float32>>)",16.0,warps,False,False,100.0,1024.0,1572864.0,4.0,2.0,8.0,32.0,1
"gpu_broadcast_kernel_cartesian(CompilerMetadata<DynamicSize, DynamicCheck, void, CartesianIndices<2, Tuple<OneTo<Int64>, OneTo<Int64>>>, NDRange<2, DynamicSize, DynamicSize, CartesianIndices<2, Tuple<OneTo<Int64>, OneTo<Int64>>>, CartesianIndices<2, Tuple<OneTo<Int64>, OneTo<Int64>>>>>, SubArray<Float32, 2, CuDeviceArray<Float32, 3, 1>, Tuple<Int64, Slice<OneTo<Int64>>, Slice<OneTo<Int64>>>, 1>, Broadcasted<CuArrayStyle<2, DeviceMemory>, Tuple<OneTo<Int64>, OneTo<Int64>>, max, Tuple<Extruded<SubArray<Float32, 2, CuDeviceArray<Float32, 3, 1>, Tuple<Int64, Slice<OneTo<Int64>>, Slice<OneTo<Int64>>>, 1>, Tuple<Bool, Bool>, Tuple<Int64, Int64>>, Float32>>)",16.0,warps,False,False,100.0,1024.0,1572864.0,4.0,2.0,8.0,32.0,1
"gpu_broadcast_kernel_cartesian(CompilerMetadata<DynamicSize, DynamicCheck, void, CartesianIndices<2, Tuple<OneTo<Int64>, OneTo<Int64>>>, NDRange<2, DynamicSize, DynamicSize, CartesianIndices<2, Tuple<OneTo<Int64>, OneTo<Int64>>>, CartesianIndices<2, Tuple<OneTo<Int64>, OneTo<Int64>>>>>, SubArray<Float32, 2, CuDeviceArray<Float32, 3, 1>, Tuple<Slice<OneTo<Int64>>, Int64, Slice<OneTo<Int64>>>, 0>, Broadcasted<CuArrayStyle<2, DeviceMemory>, Tuple<OneTo<Int64>, OneTo<Int64>>, identity, Tuple<Extruded<SubArray<Float32, 2, CuDeviceArray<Float32, 3, 1>, Tuple<Slice<OneTo<Int64>>, Int64, Slice<OneTo<Int64>>>, 0>, Tuple<Bool, Bool>, Tuple<Int64, Int64>>>>)",16.0,warps,False,False,100.0,1020.0,369240.0,4.0,2.0,8.0,32.0,2
"gpu_broadcast_kernel_linear(CompilerMetadata<DynamicSize, DynamicCheck, void, CartesianIndices<1, Tuple<OneTo<Int64>>>, NDRange<1, DynamicSize, DynamicSize, CartesianIndices<1, Tuple<OneTo<Int64>>>, CartesianIndices<1, Tuple<OneTo<Int64>>>>>, CuDeviceArray<Float32, 1, 1>, Broadcasted<CuArrayStyle<1, DeviceMemory>, Tuple<OneTo<Int64>>, identity, Tuple<Int64>>)",16.0,shared_mem,True,False,50.0,20.0,20.0,128.0,64.0,32.0,32.0,1
"gpu_broadcast_kernel_linear(CompilerMetadata<DynamicSize, DynamicCheck, void, CartesianIndices<1, Tuple<OneTo<Int64>>>, NDRange<1, DynamicSize, DynamicSize, CartesianIndices<1, Tuple<OneTo<Int64>>>, CartesianIndices<1, Tuple<OneTo<Int64>>>>>, SubArray<Float32, 1, CuDeviceArray<Float32, 2, 1>, Tuple<Int64, Slice<OneTo<Int64>>>, 1>, Broadcasted<CuArrayStyle<1, DeviceMemory>, Tuple<OneTo<Int64>>, identity, Tuple<Extruded<SubArray<Float32, 1, CuDeviceArray<Float32, 2, 1>, Tuple<Int64, Slice<OneTo<Int64>>>, 1>, Tuple<Bool>, Tuple<Int64>>>>)",16.0,warps,False,False,100.0,1024.0,24576.0,4.0,2.0,8.0,32.0,11
"gpu_broadcast_kernel_linear(CompilerMetadata<DynamicSize, DynamicCheck, void, CartesianIndices<1, Tuple<OneTo<Int64>>>, NDRange<1, DynamicSize, DynamicSize, CartesianIndices<1, Tuple<OneTo<Int64>>>, CartesianIndices<1, Tuple<OneTo<Int64>>>>>, SubArray<Float32, 1, CuDeviceArray<Float32, 2, 1>, Tuple<Int64, Slice<OneTo<Int64>>>, 1>, Broadcasted<CuArrayStyle<1, DeviceMemory>, Tuple<OneTo<Int64>>, identity, Tuple<Float32>>)",16.0,warps,False,False,100.0,1024.0,24576.0,4.0,2.0,8.0,32.0,1
"gpu_broadcast_kernel_linear(CompilerMetadata<DynamicSize, DynamicCheck, void, CartesianIndices<1, Tuple<OneTo<Int64>>>, NDRange<1, DynamicSize, DynamicSize, CartesianIndices<1, Tuple<OneTo<Int64>>>, CartesianIndices<1, Tuple<OneTo<Int64>>>>>, SubArray<Float32, 1, CuDeviceArray<Float32, 3, 1>, Tuple<Int64, Int64, Slice<OneTo<Int64>>>, 1>, Broadcasted<CuArrayStyle<1, DeviceMemory>, Tuple<OneTo<Int64>>, _, Tuple<Broadcasted<CuArrayStyle<1, DeviceMemory>, void, _, Tuple<Extruded<SubArray<Float32, 1, CuDeviceArray<Float32, 2, 1>, Tuple<Int64, Slice<OneTo<Int64>>>, 1>, Tuple<Bool>, Tuple<Int64>>, Float32>>, Int64>>)",16.0,warps,False,False,100.0,1024.0,24576.0,4.0,2.0,8.0,32.0,1
"gpu_broadcast_kernel_linear(CompilerMetadata<DynamicSize, DynamicCheck, void, CartesianIndices<1, Tuple<OneTo<Int64>>>, NDRange<1, DynamicSize, DynamicSize, CartesianIndices<1, Tuple<OneTo<Int64>>>, CartesianIndices<1, Tuple<OneTo<Int64>>>>>, SubArray<Float32, 1, CuDeviceArray<Float32, 3, 1>, Tuple<Int64, Int64, Slice<OneTo<Int64>>>, 1>, Broadcasted<CuArrayStyle<1, DeviceMemory>, Tuple<OneTo<Int64>>, identity, Tuple<Extruded<SubArray<Float32, 1, CuDeviceArray<Float32, 2, 1>, Tuple<Int64, Slice<OneTo<Int64>>>, 1>, Tuple<Bool>, Tuple<Int64>>>>)",16.0,warps,False,False,100.0,1024.0,24576.0,4.0,2.0,8.0,32.0,1
"gpu_broadcast_kernel_linear(CompilerMetadata<DynamicSize, DynamicCheck, void, CartesianIndices<1, Tuple<OneTo<Int64>>>, NDRange<1, DynamicSize, DynamicSize, CartesianIndices<1, Tuple<OneTo<Int64>>>, CartesianIndices<1, Tuple<OneTo<Int64>>>>>, SubArray<Float32, 1, CuDeviceArray<Float32, 3, 1>, Tuple<Int64, Int64, Slice<OneTo<Int64>>>, 1>, Broadcasted<CuArrayStyle<1, DeviceMemory>, Tuple<OneTo<Int64>>, identity, Tuple<Extruded<SubArray<Float32, 1, CuDeviceArray<Float32, 3, 1>, Tuple<Int64, Int64, Slice<OneTo<Int64>>>, 1>, Tuple<Bool>, Tuple<Int64>>>>)",16.0,warps,False,False,100.0,1024.0,24576.0,4.0,2.0,8.0,32.0,1
"gpu_permutedims_kernel_(CompilerMetadata<DynamicSize, DynamicCheck, void, CartesianIndices<2, Tuple<OneTo<Int64>, OneTo<Int64>>>, NDRange<2, DynamicSize, DynamicSize, CartesianIndices<2, Tuple<OneTo<Int64>, OneTo<Int64>>>, CartesianIndices<2, Tuple<OneTo<Int64>, OneTo<Int64>>>>>, CuDeviceArray<Float32, 1, 1>, CuDeviceArray<Float32, 1, 1>, Tuple<UInt32, UInt32>, Tuple<UInt32, UInt32>)",16.0,warps,False,False,100.0,1024.0,1597440.0,4.0,2.0,8.0,32.0,2
