kernel,invocations_baseline,invocations_mod,total_ms_baseline,total_ms_mod,mean_ms_baseline,mean_ms_mod,pct_of_gpu_time_baseline,pct_of_gpu_time_mod,registers_per_thread_baseline,registers_per_thread_mod,total_ms_change_pct
set_microphysics_tendency_cache__FILE_ClimaAtmos_jl_src_cache_microphysics_cache_jl_L1013,120.0,120.0,3581.27,3593.16,29.844,29.943,12.123,14.3,255.0,255.0,0.332
"rte_lw_2stream_solve_both_skies_CUDA_(FluxLW<Float32, CuDeviceArray<Float32, (int)2, (int)1>>, FluxLW<Float32, CuDeviceA",,6.0,,3247.629,,541.271,,12.925,,255.0,
"rte_sw_2stream_solve_both_skies_CUDA_(FluxSW<Float32, CuDeviceArray<Float32, (int)2, (int)1>>, FluxSW<Float32, CuDeviceA",,6.0,,3042.622,,507.104,,12.109,,255.0,
"rte_lw_2stream_solve_CUDA_(FluxLW<Float32, CuDeviceArray<Float32, (int)2, (int)1>>, FluxLW<Float32, CuDeviceArray<Float3",6.0,,2913.658,,485.61,,9.863,,255.0,,
"rte_lw_2stream_solve_CUDA_(FluxLW<Float32, CuDeviceArray<Float32, (int)2, (int)1>>, FluxLW<Float32, CuDeviceArray<Float3",6.0,,2788.869,,464.812,,9.44,,255.0,,
"rte_sw_2stream_solve_CUDA_(FluxSW<Float32, CuDeviceArray<Float32, (int)2, (int)1>>, FluxSW<Float32, CuDeviceArray<Float3",6.0,,2589.053,,431.509,,8.764,,255.0,,
"rte_sw_2stream_solve_CUDA_(FluxSW<Float32, CuDeviceArray<Float32, (int)2, (int)1>>, FluxSW<Float32, CuDeviceArray<Float3",6.0,,2461.957,,410.326,,8.334,,255.0,,
copyto_foreach__NVTX,25080.0,25080.0,863.504,865.969,0.034,0.035,2.923,3.446,56.0,56.0,0.286
run_field_matrix_solver__FILE_ClimaCore_jl_src_MatrixFields_field_matrix_solver_jl_L375,13440.0,13440.0,778.522,780.834,0.058,0.058,2.635,3.108,30.0,30.0,0.297
horizontal_tracer_advection_tendency__NVTX,2880.0,2880.0,557.722,558.384,0.194,0.194,1.888,2.222,126.0,126.0,0.119
set_microphysics_tendency_cache__FILE_ClimaAtmos_jl_src_cache_microphysics_cache_jl_L970,120.0,120.0,526.669,528.852,4.389,4.407,1.783,2.105,255.0,255.0,0.415
prep_hyperdiffusion_tendency__NVTX,1680.0,1680.0,456.234,457.945,0.272,0.273,1.544,1.823,168.0,168.0,0.375
viscous_sponge_tendency__NVTX,7200.0,7200.0,455.047,455.602,0.063,0.063,1.54,1.813,186.0,186.0,0.122
apply_hyperdiffusion_tendency__NVTX,2880.0,2880.0,417.053,418.334,0.145,0.145,1.412,1.665,165.0,165.0,0.307
_FILE_ClimaAtmos_jl_src_cache_microphysics_cache_jl_L226,3360.0,3360.0,300.862,301.369,0.09,0.09,1.018,1.199,118.0,118.0,0.168
set_prognostic_edmf_precomputed_quantities_environment__NVTX,2880.0,2880.0,223.337,224.206,0.078,0.078,0.756,0.892,92.0,92.0,0.389
_FILE_ClimaAtmos_jl_src_prognostic_equations_implicit_manual_sparse_jacobian_jl_L1585,1440.0,1440.0,217.851,218.12,0.151,0.151,0.737,0.868,102.0,102.0,0.124
set_cloud_fraction__NVTX,240.0,240.0,202.805,203.641,0.845,0.849,0.687,0.81,84.0,84.0,0.412
set_implicit_precomputed_quantities__NVTX,5760.0,5760.0,198.765,198.378,0.035,0.034,0.673,0.79,32.0,32.0,-0.195
explicit_vertical_advection_tendency__NVTX,3120.0,3120.0,187.156,188.466,0.06,0.06,0.634,0.75,104.0,104.0,0.7
